{"head":{},"def":[{"text":"abbot","pos":"noun","ts":"ˈæbət","tr":[{"text":"аббат","pos":"существительное","gen":"м","syn":[{"text":"настоятель","pos":"существительное","gen":"м"},{"text":"игумен","pos":"существительное","gen":"м"}],"mean":[{"text":"abbe"},{"text":"prior"},{"text":"hegumen"}],"ex":[{"text":"old abbot","tr":[{"text":"старый аббат"}]},{"text":"last abbot","tr":[{"text":"последний настоятель"}]}]}]}]}