{"head":{},"def":[{"text":"abdication","pos":"noun","ts":"æbdɪˈkeɪʃn","tr":[{"text":"отречение","pos":"существительное","gen":"ср","syn":[{"text":"отречение от престола","pos":"существительное"}],"mean":[{"text":"renunciation"}],"ex":[{"text":"act of abdication","tr":[{"text":"акт отречения"}]}]},{"text":"отказ","pos":"существительное","gen":"м","mean":[{"text":"refusal"}]},{"text":"сложение полномочий","pos":"существительное","syn":[{"text":"сложение","pos":"существительное","gen":"ср"}],"mean":[{"text":"addition"}]}]}]}