{"head":{},"def":[{"text":"abdominal","pos":"adjective","ts":"æbˈdɔmɪnl","tr":[{"text":"брюшной","pos":"прилагательное","syn":[{"text":"абдоминальный","pos":"прилагательное"},{"text":"подбрюшный","pos":"прилагательное"}],"mean":[{"text":"belly"}],"ex":[{"text":"abdominal cavity","tr":[{"text":"брюшная полость"}]},{"text":"abdominal surgery","tr":[{"text":"абдоминальная хирургия"}]}]}]}]}