{"head":{},"def":[{"text":"abdomen","pos":"noun","ts":"ˈæbdəmen","tr":[{"text":"живот","pos":"существительное","gen":"м","syn":[{"text":"желудок","pos":"существительное","gen":"м"}],"mean":[{"text":"stomach"}],"ex":[{"text":"acute abdomen","tr":[{"text":"острый живот"}]}]},{"text":"брюшко","pos":"существительное","gen":"ср","syn":[{"text":"брюхо","pos":"существительное","gen":"ср"}],"mean":[{"text":"belly"}],"ex":[{"text":"segments of the abdomen","tr":[{"text":"сегменты брюшка"}]}]},{"text":"брюшная полость","pos":"существительное","mean":[{"text":"abdominal cavity"}]}]}]}