{"head":{},"def":[{"text":"abet","pos":"verb","ts":"əˈbet","tr":[{"text":"подстрекать","pos":"глагол","asp":"несов","mean":[{"text":"incite"}]},{"text":"содействовать","pos":"глагол","asp":"несов","mean":[{"text":"promote"}]},{"text":"поощрять","pos":"глагол","asp":"несов","mean":[{"text":"encourage"}]},{"text":"поддерживать","pos":"глагол","asp":"несов","mean":[{"text":"support"}]},{"text":"потворствовать","pos":"глагол","asp":"несов","mean":[{"text":"condone"}]}]}]}