{"head":{},"def":[{"text":"ability","pos":"noun","ts":"əˈbɪlɪtɪ","tr":[{"text":"способность","pos":"существительное","gen":"ж","syn":[{"text":"возможность","pos":"существительное","gen":"ж"},{"text":"умение","pos":"существительное","gen":"ср"},{"text":"навык","pos":"существительное","gen":"м"},{"text":"работоспособность","pos":"существительное","gen":"ж"}],"mean":[{"text":"capacity"},{"text":"opportunity"},{"text":"skill"}],"ex":[{"text":"creative ability","tr":[{"text":"творческая способность"}]},{"text":"technical ability","tr":[{"text":"техническая возможность"}]},{"text":"rare ability","tr":[{"text":"редкое умение"}]},{"text":"communication abilities","tr":[{"text":"коммуникативные навыки"}]},{"text":"mental ability","tr":[{"text":"умственная работоспособность"}]}]},{"text":"талант","pos":"существительное","gen":"м","syn":[{"text":"дарование","pos":"существительное","gen":"ср"}],"mean":[{"text":"talent"}]},{"text":"ловкость","pos":"существительное","gen":"ж","mean":[{"text":"agility"}]}]}]}