{"head":{},"def":[{"text":"abject","pos":"adjective","ts":"ˈæbʤekt","tr":[{"text":"жалкий","pos":"прилагательное","syn":[{"text":"малодушный","pos":"прилагательное"},{"text":"подлый","pos":"прилагательное"}],"mean":[{"text":"miserable"},{"text":"cowardly"},{"text":"vile"}],"ex":[{"text":"abject poverty","tr":[{"text":"жалкая нищета"}]}]},{"text":"унизительный","pos":"прилагательное","mean":[{"text":"humiliating"}]}]},{"text":"abject","pos":"participle","ts":"ˈæbʤekt","tr":[{"text":"презренный","pos":"причастие","mean":[{"text":"despicable"}]}]}]}