{"head":{},"def":[{"text":"able","pos":"adjective","ts":"eɪbl","tr":[{"text":"способный","pos":"прилагательное","mean":[{"text":"capable"}],"ex":[{"text":"able seaman","tr":[{"text":"способный моряк"}]}]},{"text":"умелый","pos":"прилагательное","syn":[{"text":"талантливый","pos":"прилагательное"}],"mean":[{"text":"skillful"},{"text":"talented"}],"ex":[{"text":"able leadership","tr":[{"text":"умелое руководство"}]}]}]},{"text":"able","pos":"participle","ts":"eɪbl","tr":[{"text":"умеющий","pos":"причастие","syn":[{"text":"могущий","pos":"причастие"},{"text":"сумевший","pos":"причастие"}]},{"text":"знающий","pos":"причастие","mean":[{"text":"aware"}]}]}]}