{"head":{},"def":[{"text":"abode","pos":"noun","ts":"əˈbəʊd","tr":[{"text":"жилище","pos":"существительное","gen":"ср","syn":[{"text":"дом","pos":"существительное","gen":"м"}],"mean":[{"text":"habitation"},{"text":"house"}],"ex":[{"text":"humble abode","tr":[{"text":"скромное жилище"}]}]},{"text":"проживание","pos":"существительное","gen":"ср","syn":[{"text":"место жительства","pos":"существительное"},{"text":"местожительство","pos":"существительное","gen":"ср"},{"text":"пребывание","pos":"существительное","gen":"ср"},{"text":"местопребывание","pos":"существительное","gen":"ср"}],"mean":[{"text":"residence"},{"text":"place of residence"}],"ex":[{"text":"right of abode","tr":[{"text":"право на проживание"}]}]},{"text":"обиталище","pos":"существительное","gen":"ср","syn":[{"text":"пристанище","pos":"существительное","gen":"ср"}],"mean":[{"text":"dwelling"},{"text":"refuge"}]},{"text":"обитель","pos":"существительное","gen":"ж","mean":[{"text":"monastery"}],"ex":[{"text":"eternal abode","tr":[{"text":"вечная обитель"}]}]}]}]}