{"head":{},"def":[{"text":"abolition","pos":"noun","ts":"æbəʊˈlɪʃn","tr":[{"text":"отмена","pos":"существительное","gen":"ж","syn":[{"text":"аннулирование","pos":"существительное","gen":"ср"}],"mean":[{"text":"cancellation"}],"ex":[{"text":"abolition of slavery","tr":[{"text":"отмена рабства"}]}]},{"text":"упразднение","pos":"существительное","gen":"ср","syn":[{"text":"ликвидация","pos":"существительное","gen":"ж"},{"text":"устранение","pos":"существительное","gen":"ср"},{"text":"уничтожение","pos":"существительное","gen":"ср"}],"mean":[{"text":"abolishment"},{"text":"elimination"}],"ex":[{"text":"gradual abolition","tr":[{"text":"постепенное упразднение"}]},{"text":"total abolition","tr":[{"text":"полная ликвидация"}]},{"text":"complete abolition","tr":[{"text":"полное уничтожение"}]}]}]}]}