{"head":{},"def":[{"text":"abominable","pos":"adjective","ts":"əˈbɔmɪnəbl","tr":[{"text":"отвратительный","pos":"прилагательное","syn":[{"text":"гнусный","pos":"прилагательное"},{"text":"ужасный","pos":"прилагательное"},{"text":"омерзительный","pos":"прилагательное"},{"text":"противный","pos":"прилагательное"},{"text":"гадкий","pos":"прилагательное"},{"text":"мерзкий","pos":"прилагательное"}],"mean":[{"text":"disgusting"},{"text":"vile"},{"text":"hideous"}],"ex":[{"text":"abominable sins","tr":[{"text":"отвратительные грехи"}]},{"text":"abominable crime","tr":[{"text":"ужасное преступление"}]},{"text":"abominable thing","tr":[{"text":"мерзкое дело"}]}]}]}]}