{"head":{},"def":[{"text":"abort","pos":"noun","ts":"əˈbɔːt","tr":[{"text":"аборт","pos":"существительное","gen":"м","mean":[{"text":"abortion"}]},{"text":"прерывание","pos":"существительное","gen":"ср","syn":[{"text":"отмена","pos":"существительное","gen":"ж"},{"text":"прекращение","pos":"существительное","gen":"ср"}],"mean":[{"text":"interrupt"},{"text":"cancel"},{"text":"terminate"}],"ex":[{"text":"abort command","tr":[{"text":"отмена команды"}]}]}]},{"text":"abort","pos":"verb","ts":"əˈbɔːt","tr":[{"text":"прекращать","pos":"глагол","asp":"несов","syn":[{"text":"прекратить","pos":"глагол","asp":"сов"}],"mean":[{"text":"terminate"}]},{"text":"прервать","pos":"глагол","asp":"сов","syn":[{"text":"прерывать","pos":"глагол","asp":"несов"},{"text":"прерваться","pos":"глагол","asp":"сов"}],"mean":[{"text":"interrupt"}],"ex":[{"text":"abort the operation","tr":[{"text":"прервать операцию"}]}]},{"text":"отменить","pos":"глагол","asp":"сов","syn":[{"text":"отменять","pos":"глагол","asp":"несов"}],"mean":[{"text":"cancel"}]},{"text":"выкинуть","pos":"глагол","asp":"сов","syn":[{"text":"выкидывать","pos":"глагол","asp":"несов"}],"mean":[{"text":"throw out"},{"text":"throw"}]},{"text":"сделать аборт","pos":"глагол","mean":[{"text":"make abortion"}]},{"text":"абортировать","pos":"глагол"}]}]}