{"head":{},"def":[{"text":"above","pos":"adverb","ts":"əˈbʌv","tr":[{"text":"выше","pos":"наречие","syn":[{"text":"наверху","pos":"наречие"},{"text":"вверху","pos":"наречие"},{"text":"сверху","pos":"наречие"},{"text":"наверх","pos":"наречие"}],"mean":[{"text":"up"},{"text":"at the top"},{"text":"on top"}]},{"text":"более","pos":"наречие","syn":[{"text":"свыше","pos":"наречие"}],"mean":[{"text":"more"},{"text":"over"}]},{"text":"ранее","pos":"наречие","mean":[{"text":"previously"}]},{"text":"раньше","pos":"наречие","mean":[{"text":"before"}]}]},{"text":"above","pos":"preposition","ts":"əˈbʌv","tr":[{"text":"над","pos":"предлог","syn":[{"text":"поверх","pos":"предлог"}],"mean":[{"text":"over"}],"ex":[{"text":"above my head","tr":[{"text":"над моей головой"}]}]},{"text":"вне","pos":"предлог","syn":[{"text":"превыше","pos":"предлог"}],"mean":[{"text":"out"},{"text":"beyond"}],"ex":[{"text":"above suspicion","tr":[{"text":"вне подозрений"}]}]}]},{"text":"above","pos":"adjective","ts":"əˈbʌv","tr":[{"text":"вышеупомянутый","pos":"прилагательное","syn":[{"text":"вышеуказанный","pos":"прилагательное"},{"text":"вышеописанный","pos":"прилагательное"},{"text":"вышеназванный","pos":"прилагательное"}],"mean":[{"text":"aforementioned"}],"ex":[{"text":"above order","tr":[{"text":"вышеупомянутый приказ"}]},{"text":"above list","tr":[{"text":"вышеуказанный перечень"}]},{"text":"above procedure","tr":[{"text":"вышеописанная процедура"}]},{"text":"above laws","tr":[{"text":"вышеназванные законы"}]}]},{"text":"вышеприведенный","pos":"прилагательное","syn":[{"text":"вышеизложенный","pos":"прилагательное"}],"mean":[{"text":"foregoing"}],"ex":[{"text":"above quote","tr":[{"text":"вышеприведенная цитата"}]},{"text":"above information","tr":[{"text":"вышеизложенная информация"}]}]}]},{"text":"above","pos":"participle","ts":"əˈbʌv","tr":[{"text":"упомянутый выше","pos":"причастие","mean":[{"text":"mentioned above"}]},{"text":"перечисленный","pos":"причастие","mean":[{"text":"listed"}]}]}]}