{"head":{},"def":[{"text":"abrasion","pos":"noun","ts":"əˈbreɪʒən","tr":[{"text":"истирание","pos":"существительное","gen":"ср","syn":[{"text":"трение","pos":"существительное","gen":"ср"}],"mean":[{"text":"wear"},{"text":"friction"}],"ex":[{"text":"mechanical abrasion","tr":[{"text":"механическое истирание"}]}]},{"text":"ссадина","pos":"существительное","gen":"ж","syn":[{"text":"потертость","pos":"существительное","gen":"ж"},{"text":"царапина","pos":"существительное","gen":"ж"}],"mean":[{"text":"scratch"},{"text":"attrition"}]},{"text":"стирание","pos":"существительное","gen":"ср","mean":[{"text":"erasure"}]},{"text":"абразия","pos":"существительное","gen":"ж"},{"text":"истираемость","pos":"существительное","gen":"ж","mean":[{"text":"abradability"}]}]},{"text":"abrasion","pos":"adjective","ts":"əˈbreɪʒən","tr":[{"text":"износостойкий","pos":"прилагательное","mean":[{"text":"durable"}]}]}]}