{"head":{},"def":[{"text":"abrupt","pos":"adjective","ts":"əˈbrʌpt","tr":[{"text":"резкий","pos":"прилагательное","syn":[{"text":"внезапный","pos":"прилагательное"},{"text":"неожиданный","pos":"прилагательное"},{"text":"скачкообразный","pos":"прилагательное"},{"text":"отрывистый","pos":"прилагательное"}],"mean":[{"text":"dramatic"},{"text":"sudden"},{"text":"unexpected"},{"text":"spasmodic"},{"text":"jerky"}],"ex":[{"text":"abrupt movement","tr":[{"text":"резкое движение"}]},{"text":"abrupt change","tr":[{"text":"внезапное изменение"}]},{"text":"abrupt departure","tr":[{"text":"неожиданный отъезд"}]}]},{"text":"крутой","pos":"прилагательное","syn":[{"text":"обрывистый","pos":"прилагательное"}],"mean":[{"text":"steep"}],"ex":[{"text":"abrupt slope","tr":[{"text":"крутой склон"}]}]}]}]}