{"head":{},"def":[{"text":"absent","pos":"verb","ts":"ˈæbsənt","tr":[{"text":"отсутствовать","pos":"глагол","asp":"несов","mean":[{"text":"lack"}],"ex":[{"text":"absent altogether","tr":[{"text":"отсутствовать вовсе"}]}]},{"text":"отлучиться","pos":"глагол","asp":"сов","mean":[{"text":"leave"}]}]},{"text":"absent","pos":"adjective","ts":"ˈæbsənt","tr":[{"text":"отсутствующий","pos":"прилагательное","mean":[{"text":"missing"}],"ex":[{"text":"absent friend","tr":[{"text":"отсутствующий друг"}]}]},{"text":"рассеянный","pos":"прилагательное","mean":[{"text":"scattered"}]}]}]}