{"head":{},"def":[{"text":"absolution","pos":"noun","ts":"æbsəˈluːʃn","tr":[{"text":"прощение","pos":"существительное","gen":"ср","syn":[{"text":"отпущение грехов","pos":"существительное"}],"mean":[{"text":"forgiveness"},{"text":"remission of sins"}]},{"text":"абсолюция","pos":"существительное","gen":"ж"},{"text":"освобождение","pos":"существительное","gen":"ср","mean":[{"text":"deliverance"}]}]}]}