{"head":{},"def":[{"text":"absorption","pos":"noun","ts":"əbˈsɔːpʃn","tr":[{"text":"поглощение","pos":"существительное","gen":"ср","syn":[{"text":"абсорбция","pos":"существительное","gen":"ж"},{"text":"всасывание","pos":"существительное","gen":"ср"},{"text":"усвоение","pos":"существительное","gen":"ср"},{"text":"освоение","pos":"существительное","gen":"ср"}],"mean":[{"text":"uptake"},{"text":"suction"},{"text":"assimilation"}],"ex":[{"text":"absorption coefficient","tr":[{"text":"коэффициент поглощения"}]},{"text":"water absorption","tr":[{"text":"абсорбция воды"}]},{"text":"calcium absorption","tr":[{"text":"всасывание кальция"}]},{"text":"absorption of food","tr":[{"text":"усвоение пищи"}]}]},{"text":"впитывание","pos":"существительное","gen":"ср","mean":[{"text":"absorbing"}]},{"text":"погруженность","pos":"существительное","gen":"ж","syn":[{"text":"поглощенность","pos":"существительное","gen":"ж"}],"mean":[{"text":"immersion"},{"text":"preoccupation"}],"ex":[{"text":"total absorption","tr":[{"text":"полная поглощенность"}]}]}]},{"text":"absorption","pos":"adjective","ts":"əbˈsɔːpʃn","tr":[{"text":"абсорбционный","pos":"прилагательное","syn":[{"text":"поглотительный","pos":"прилагательное"}],"mean":[{"text":"saturation"}],"ex":[{"text":"absorption capacity","tr":[{"text":"абсорбционная способность"}]},{"text":"absorption ability","tr":[{"text":"поглотительная способность"}]}]}]}]}