{"head":{},"def":[{"text":"absorbent","pos":"participle","ts":"əbˈsɔːbənt","tr":[{"text":"абсорбирующий","pos":"причастие","syn":[{"text":"поглощающий","pos":"причастие"}],"mean":[{"text":"absorbing"}]}]},{"text":"absorbent","pos":"noun","ts":"əbˈsɔːbənt","tr":[{"text":"абсорбент","pos":"существительное","gen":"м","syn":[{"text":"поглотитель","pos":"существительное","gen":"м"},{"text":"сорбент","pos":"существительное","gen":"м"}],"mean":[{"text":"absorber"},{"text":"sorbent"}]},{"text":"впитываемость","pos":"существительное","gen":"ж","mean":[{"text":"absorbency"}]}]}]}