{"head":{},"def":[{"text":"abstract","pos":"adjective","ts":"ˈæbstrækt","tr":[{"text":"абстрактный","pos":"прилагательное","syn":[{"text":"отвлеченный","pos":"прилагательное"},{"text":"реферативный","pos":"прилагательное"}],"mean":[{"text":"abstraction"},{"text":"reference"}],"ex":[{"text":"abstract class","tr":[{"text":"абстрактный класс"}]},{"text":"abstract information","tr":[{"text":"реферативная информация"}]}]}]},{"text":"abstract","pos":"noun","ts":"ˈæbstrækt","tr":[{"text":"резюме","pos":"существительное","gen":"ср","syn":[{"text":"конспект","pos":"существительное","gen":"м"},{"text":"аннотация","pos":"существительное","gen":"ж"},{"text":"реферат","pos":"существительное","gen":"м"},{"text":"автореферат","pos":"существительное","gen":"м"}],"mean":[{"text":"summary"},{"text":"annotation"},{"text":"essay"},{"text":"autoabstract"}],"ex":[{"text":"short abstract","tr":[{"text":"краткое резюме"}]},{"text":"abstracts of articles","tr":[{"text":"рефераты статей"}]}]},{"text":"абстракция","pos":"существительное","gen":"ж","mean":[{"text":"abstraction"}],"ex":[{"text":"abstract level","tr":[{"text":"уровень абстракции"}]}]},{"text":"выписка","pos":"существительное","gen":"ж","syn":[{"text":"выдержка","pos":"существительное","gen":"ж"},{"text":"извлечение","pos":"существительное","gen":"ср"}],"mean":[{"text":"extract"}]}]},{"text":"abstract","pos":"verb","ts":"ˈæbstrækt","tr":[{"text":"абстрагировать","pos":"глагол"},{"text":"резюмировать","pos":"глагол","mean":[{"text":"summarize"}]}]}]}