{"head":{},"def":[{"text":"abstainer","pos":"noun","ts":"əbˈsteɪnə","tr":[{"text":"трезвенник","pos":"существительное","gen":"м","mean":[{"text":"teetotaler"}],"ex":[{"text":"total abstainer","tr":[{"text":"абсолютный трезвенник"}]}]}]},{"text":"abstainer","pos":"adjective","ts":"əbˈsteɪnə","tr":[{"text":"непьющий","pos":"прилагательное","mean":[{"text":"teetotaller"}]}]},{"text":"abstainer","pos":"participle","ts":"əbˈsteɪnə","tr":[{"text":"воздержавшийся","pos":"причастие","mean":[{"text":"abstention"}]}]}]}