{"head":{},"def":[{"text":"absurd","pos":"adjective","ts":"əbˈsɜːd","tr":[{"text":"абсурдный","pos":"прилагательное","syn":[{"text":"нелепый","pos":"прилагательное"},{"text":"смешной","pos":"прилагательное"},{"text":"несуразный","pos":"прилагательное"}],"mean":[{"text":"ridiculous"},{"text":"awkward"}],"ex":[{"text":"absurd result","tr":[{"text":"абсурдный результат"}]},{"text":"absurd rumours","tr":[{"text":"нелепый слух"}]}]},{"text":"глупый","pos":"прилагательное","mean":[{"text":"silly"}]},{"text":"вздорный","pos":"прилагательное","mean":[{"text":"foolish"}],"ex":[{"text":"absurd man","tr":[{"text":"вздорный человек"}]}]},{"text":"бессмысленный","pos":"прилагательное","mean":[{"text":"meaningless"}],"ex":[{"text":"absurd question","tr":[{"text":"бессмысленный вопрос"}]}]},{"text":"абсурдистский","pos":"прилагательное","mean":[{"text":"absurdist"}]}]},{"text":"absurd","pos":"noun","ts":"əbˈsɜːd","tr":[{"text":"абсурд","pos":"существительное","gen":"м","syn":[{"text":"абсурдность","pos":"существительное","gen":"ж"},{"text":"нелепость","pos":"существительное","gen":"ж"},{"text":"бред","pos":"существительное","gen":"м"}],"mean":[{"text":"absurdity"},{"text":"nonsense"}],"ex":[{"text":"absurd comedy","tr":[{"text":"комедия абсурда"}]}]}]}]}