{"head":{},"def":[{"text":"abundant","pos":"adjective","ts":"əˈbʌndənt","tr":[{"text":"обильный","pos":"прилагательное","syn":[{"text":"богатый","pos":"прилагательное"},{"text":"изобильный","pos":"прилагательное"}],"mean":[{"text":"plentiful"},{"text":"rich"},{"text":"affluent"}],"ex":[{"text":"abundant harvest","tr":[{"text":"обильный урожай"}]},{"text":"abundant flora","tr":[{"text":"богатая флора"}]}]},{"text":"многочисленный","pos":"прилагательное","mean":[{"text":"numerous"}],"ex":[{"text":"abundant species","tr":[{"text":"многочисленный вид"}]}]},{"text":"большой","pos":"прилагательное","mean":[{"text":"large"}],"ex":[{"text":"abundant experience","tr":[{"text":"большой опыт"}]}]},{"text":"избыточный","pos":"прилагательное","mean":[{"text":"excess"}],"ex":[{"text":"abundant number","tr":[{"text":"избыточное количество"}]}]},{"text":"благодатный","pos":"прилагательное","mean":[{"text":"fertile"}]}]},{"text":"abundant","pos":"participle","ts":"əˈbʌndənt","tr":[{"text":"изобилующий","pos":"причастие","mean":[{"text":"abounding"}]}]}]}