{"head":{},"def":[{"text":"abundance","pos":"noun","ts":"əˈbʌndəns","tr":[{"text":"изобилие","pos":"существительное","gen":"ср","syn":[{"text":"богатство","pos":"существительное","gen":"ср"},{"text":"достаток","pos":"существительное","gen":"м"},{"text":"обилие","pos":"существительное","gen":"ср"}],"mean":[{"text":"wealth"},{"text":"abundant"}],"ex":[{"text":"horn of abundance","tr":[{"text":"рог изобилия"}]},{"text":"abundance of the sea","tr":[{"text":"богатство моря"}]},{"text":"material abundance","tr":[{"text":"материальный достаток"}]},{"text":"relative abundance","tr":[{"text":"относительное обилие"}]}]},{"text":"множество","pos":"существительное","gen":"ср","syn":[{"text":"масса","pos":"существительное","gen":"ж"}],"mean":[{"text":"plenty"},{"text":"mass"}],"ex":[{"text":"abundance of peace","tr":[{"text":"множество мира"}]}]},{"text":"избыток","pos":"существительное","gen":"м","mean":[{"text":"excess"}]},{"text":"плотность","pos":"существительное","gen":"ж","mean":[{"text":"density"}]},{"text":"численность","pos":"существительное","gen":"ж","mean":[{"text":"number"}],"ex":[{"text":"species abundance","tr":[{"text":"численность вида"}]}]},{"text":"распространенность","pos":"существительное","gen":"ж","mean":[{"text":"prevalence"}]},{"text":"относительное содержание","pos":"существительное","mean":[{"text":"relative content"}]}]}]}