{"head":{},"def":[{"text":"abusive","pos":"adjective","ts":"əˈbjuːsɪv","tr":[{"text":"оскорбительный","pos":"прилагательное","syn":[{"text":"ругательный","pos":"прилагательное"},{"text":"матерный","pos":"прилагательное"},{"text":"унизительный","pos":"прилагательное"}],"mean":[{"text":"offensive"},{"text":"vituperative"},{"text":"obscene"},{"text":"humiliating"}],"ex":[{"text":"abusive speech","tr":[{"text":"оскорбительная речь"}]}]},{"text":"жестокий","pos":"прилагательное","syn":[{"text":"насильственный","pos":"прилагательное"}],"mean":[{"text":"cruel"},{"text":"violent"}],"ex":[{"text":"abusive treatment","tr":[{"text":"жестокое обращение"}]},{"text":"abusive behaviour","tr":[{"text":"насильственное поведение"}]}]},{"text":"неправомочный","pos":"прилагательное","mean":[{"text":"unauthorized"}]}]},{"text":"abusive","pos":"participle","ts":"əˈbjuːsɪv","tr":[{"text":"бранный","pos":"причастие","mean":[{"text":"vituperative"}]},{"text":"злоупотребляющий","pos":"причастие","mean":[{"text":"abusing"}]},{"text":"оскорбляющий","pos":"причастие","mean":[{"text":"insulting"}]}]}]}