{"head":{},"def":[{"text":"abutment","pos":"adjective","ts":"əˈbʌtmənt","tr":[{"text":"опорный","pos":"прилагательное","mean":[{"text":"reference"}],"ex":[{"text":"abutment teeth","tr":[{"text":"опорные зубы"}]}]}]},{"text":"abutment","pos":"noun","ts":"əˈbʌtmənt","tr":[{"text":"межа","pos":"существительное","gen":"ж","syn":[{"text":"граница","pos":"существительное","gen":"ж"}],"mean":[{"text":"boundary"},{"text":"border"}]},{"text":"контрфорс","pos":"существительное","gen":"м","mean":[{"text":"buttress"}]},{"text":"абатмент","pos":"существительное","gen":"м","syn":[{"text":"ортопедическая конструкция","pos":"существительное"}]}]}]}