{"head":{},"def":[{"text":"academic","pos":"adjective","ts":"ækəˈdemɪk","tr":[{"text":"академический","pos":"прилагательное","syn":[{"text":"учебный","pos":"прилагательное"},{"text":"академичный","pos":"прилагательное"}],"mean":[{"text":"academia"},{"text":"educational"}],"ex":[{"text":"academic freedom","tr":[{"text":"академическая свобода"}]},{"text":"academic year","tr":[{"text":"учебный год"}]}]},{"text":"ученый","pos":"прилагательное","syn":[{"text":"научный","pos":"прилагательное"}],"mean":[{"text":"scholarly"},{"text":"scientific"}],"ex":[{"text":"academic council","tr":[{"text":"ученый совет"}]},{"text":"academic conference","tr":[{"text":"научная конференция"}]}]},{"text":"университетский","pos":"прилагательное","mean":[{"text":"university"}],"ex":[{"text":"academic community","tr":[{"text":"университетское сообщество"}]}]}]},{"text":"academic","pos":"noun","ts":"ækəˈdemɪk","tr":[{"text":"академик","pos":"существительное","gen":"м","mean":[{"text":"academician"}],"ex":[{"text":"future academic","tr":[{"text":"будущий академик"}]}]},{"text":"преподаватель","pos":"существительное","gen":"м","mean":[{"text":"teacher"}],"ex":[{"text":"senior academic","tr":[{"text":"старший преподаватель"}]}]}]}]}