{"head":{},"def":[{"text":"academy","pos":"noun","ts":"əˈkædəmɪ","tr":[{"text":"академия","pos":"существительное","gen":"ж","mean":[{"text":"academia"}],"ex":[{"text":"national academy","tr":[{"text":"национальная академия"}]}]},{"text":"школа","pos":"существительное","gen":"ж","mean":[{"text":"school"}]}]},{"text":"Academy","pos":"noun","ts":"əˈkædəmɪ","tr":[{"text":"академия","pos":"существительное","gen":"ж","mean":[{"text":"academia"}]},{"text":"школа","pos":"существительное","gen":"ж","mean":[{"text":"school"}]}]}]}