{"head":{},"def":[{"text":"acceptable","pos":"adjective","ts":"əkˈseptəbl","tr":[{"text":"приемлемый","pos":"прилагательное","syn":[{"text":"допустимый","pos":"прилагательное"}],"mean":[{"text":"reasonable"},{"text":"permissible"}],"ex":[{"text":"acceptable price","tr":[{"text":"приемлемая цена"}]},{"text":"acceptable level","tr":[{"text":"допустимый уровень"}]}]},{"text":"удовлетворительный","pos":"прилагательное","mean":[{"text":"satisfactory"}]},{"text":"приятный","pos":"прилагательное","mean":[{"text":"pleasant"}]},{"text":"желанный","pos":"прилагательное","mean":[{"text":"desirable"}]}]},{"text":"acceptable","pos":"participle","ts":"əkˈseptəbl","tr":[{"text":"подходящий","pos":"причастие","mean":[{"text":"suitable"}]},{"text":"допускаемый","pos":"причастие","mean":[{"text":"permissible"}]}]}]}