{"head":{},"def":[{"text":"accent","pos":"noun","ts":"ˈæksənt","tr":[{"text":"акцент","pos":"существительное","gen":"м","syn":[{"text":"ударение","pos":"существительное","gen":"ср"},{"text":"упор","pos":"существительное","gen":"м"},{"text":"внимание","pos":"существительное","gen":"ср"}],"mean":[{"text":"emphasis"},{"text":"attention"}],"ex":[{"text":"foreign accent","tr":[{"text":"иностранный акцент"}]},{"text":"grave accent","tr":[{"text":"тупое ударение"}]}]},{"text":"произношение","pos":"существительное","gen":"ср","mean":[{"text":"pronunciation"}]},{"text":"тон","pos":"существительное","gen":"м","mean":[{"text":"tone"}]},{"text":"знак ударения","pos":"существительное","mean":[{"text":"accent mark"}]},{"text":"язык","pos":"существительное","gen":"м","mean":[{"text":"tongue"}]},{"text":"речь","pos":"существительное","gen":"ж","mean":[{"text":"speech"}]}]},{"text":"accent","pos":"verb","ts":"ˈæksənt","tr":[{"text":"акцентировать","pos":"глагол","syn":[{"text":"подчеркивать","pos":"глагол","asp":"несов"}],"mean":[{"text":"accentuate"},{"text":"emphasize"}]}]}]}