{"head":{},"def":[{"text":"acceleration","pos":"noun","ts":"əkseləˈreɪʃn","tr":[{"text":"ускорение","pos":"существительное","gen":"ср","syn":[{"text":"разгон","pos":"существительное","gen":"м"}],"mean":[{"text":"accelerate"},{"text":"dispersal"}],"ex":[{"text":"hardware acceleration","tr":[{"text":"аппаратное ускорение"}]},{"text":"acceleration time","tr":[{"text":"время разгона"}]}]},{"text":"акселерация","pos":"существительное","gen":"ж"}]}]}