{"head":{},"def":[{"text":"acceptance","pos":"noun","ts":"əkˈseptəns","tr":[{"text":"принятие","pos":"существительное","gen":"ср","syn":[{"text":"признание","pos":"существительное","gen":"ср"},{"text":"акцепт","pos":"существительное","gen":"м"},{"text":"акцептование","pos":"существительное","gen":"ср"}],"mean":[{"text":"adoption"},{"text":"recognition"},{"text":"accepting"}],"ex":[{"text":"acceptance of amendments","tr":[{"text":"принятие поправок"}]},{"text":"public acceptance","tr":[{"text":"общественное признание"}]},{"text":"form of acceptance","tr":[{"text":"форма акцепта"}]}]},{"text":"прием","pos":"существительное","gen":"м","syn":[{"text":"приемка","pos":"существительное","gen":"ж"},{"text":"получение","pos":"существительное","gen":"ср"}],"mean":[{"text":"reception"},{"text":"receipt"}],"ex":[{"text":"documents acceptance","tr":[{"text":"прием документов"}]},{"text":"final acceptance","tr":[{"text":"окончательная приемка"}]}]},{"text":"одобрение","pos":"существительное","gen":"ср","syn":[{"text":"согласие","pos":"существительное","gen":"ср"}],"mean":[{"text":"approval"},{"text":"consent"}],"ex":[{"text":"social acceptance","tr":[{"text":"социальное одобрение"}]},{"text":"written acceptance","tr":[{"text":"письменное согласие"}]}]},{"text":"приятие","pos":"существительное","gen":"ср","ex":[{"text":"total acceptance","tr":[{"text":"полное приятие"}]}]},{"text":"приемлемость","pos":"существительное","gen":"ж","mean":[{"text":"acceptability"}]},{"text":"восприятие","pos":"существительное","gen":"ср","mean":[{"text":"perception"}],"ex":[{"text":"passive acceptance","tr":[{"text":"пассивное восприятие"}]}]}]},{"text":"acceptance","pos":"adjective","ts":"əkˈseptəns","tr":[{"text":"приемочный","pos":"прилагательное","ex":[{"text":"acceptance test","tr":[{"text":"приемочное испытание"}]}]},{"text":"приемный","pos":"прилагательное","mean":[{"text":"reception"}],"ex":[{"text":"acceptance commission","tr":[{"text":"приемная комиссия"}]}]}]}]}