{"head":{},"def":[{"text":"accessory","pos":"noun","ts":"əkˈsesərɪ","tr":[{"text":"принадлежность","pos":"существительное","gen":"ж","mean":[{"text":"belonging"}],"ex":[{"text":"bathroom accessories","tr":[{"text":"ванные принадлежности"}]}]},{"text":"арматура","pos":"существительное","gen":"ж","mean":[{"text":"fitting"}],"ex":[{"text":"pipeline accessories","tr":[{"text":"трубопроводная арматура"}]}]},{"text":"аксессуары","pos":"существительное","gen":"м","syn":[{"text":"принадлежности","pos":"существительное","gen":"ж"},{"text":"аксессуар","pos":"существительное","gen":"м"},{"text":"вспомогательное оборудование","pos":"существительное"}],"mean":[{"text":"accessories"},{"text":"enhancement"}],"ex":[{"text":"fashion accessory","tr":[{"text":"модный аксессуар"}]}]},{"text":"приспособление","pos":"существительное","gen":"ср","mean":[{"text":"fixture"}],"ex":[{"text":"optional accessory","tr":[{"text":"дополнительное приспособление"}]}]},{"text":"оснастка","pos":"существительное","gen":"ж","mean":[{"text":"equipment"}]},{"text":"соучастник","pos":"существительное","gen":"м","mean":[{"text":"partner"}],"ex":[{"text":"accessory to the crime","tr":[{"text":"соучастник преступления"}]}]}]},{"text":"accessory","pos":"adjective","ts":"əkˈsesərɪ","tr":[{"text":"вспомогательный","pos":"прилагательное","syn":[{"text":"дополнительный","pos":"прилагательное"},{"text":"добавочный","pos":"прилагательное"}],"mean":[{"text":"auxiliary"},{"text":"extra"},{"text":"additional"}],"ex":[{"text":"accessory equipment","tr":[{"text":"вспомогательное оборудование"}]}]},{"text":"акцессорный","pos":"прилагательное"},{"text":"второстепенный","pos":"прилагательное","mean":[{"text":"secondary"}]}]}]}