{"head":{},"def":[{"text":"accident","pos":"noun","ts":"ˈæksɪdənt","tr":[{"text":"авария","pos":"существительное","gen":"ж","syn":[{"text":"несчастный случай","pos":"существительное"},{"text":"катастрофа","pos":"существительное","gen":"ж"},{"text":"крушение","pos":"существительное","gen":"ср"},{"text":"дтп","pos":"существительное","gen":"ср"}],"mean":[{"text":"crash"},{"text":"casualty"},{"text":"disaster"},{"text":"road accident"}],"ex":[{"text":"car accident","tr":[{"text":"автомобильная авария"}]},{"text":"automobile accident","tr":[{"text":"автомобильная катастрофа"}]},{"text":"serious road accident","tr":[{"text":"серьезное дтп"}]}]},{"text":"случай","pos":"существительное","gen":"м","mean":[{"text":"case"}],"ex":[{"text":"insured accident","tr":[{"text":"страховой случай"}]}]},{"text":"случайность","pos":"существительное","gen":"ж","mean":[{"text":"coincidence"}],"ex":[{"text":"pure accident","tr":[{"text":"чистая случайность"}]}]},{"text":"происшествие","pos":"существительное","gen":"ср","syn":[{"text":"инцидент","pos":"существительное","gen":"м"}],"mean":[{"text":"incident"}],"ex":[{"text":"aircraft accident","tr":[{"text":"авиационное происшествие"}]},{"text":"tragic accident","tr":[{"text":"трагический инцидент"}]}]},{"text":"аварийность","pos":"существительное","gen":"ж","mean":[{"text":"accident rate"}],"ex":[{"text":"high accident","tr":[{"text":"высокая аварийность"}]}]},{"text":"техника безопасности","pos":"существительное","mean":[{"text":"safety"}]}]},{"text":"accident","pos":"adjective","ts":"ˈæksɪdənt","tr":[{"text":"несчастный","pos":"прилагательное","mean":[{"text":"unhappy"}],"ex":[{"text":"prevention of accidents","tr":[{"text":"предотвращение несчастных случаев"}]}]},{"text":"аварийный","pos":"прилагательное","mean":[{"text":"emergency"}],"ex":[{"text":"accident situation","tr":[{"text":"аварийная ситуация"}]}]},{"text":"случайный","pos":"прилагательное","mean":[{"text":"accidental"}]}]}]}