{"head":{},"def":[{"text":"accidental","pos":"adjective","ts":"æksɪˈdentl","tr":[{"text":"случайный","pos":"прилагательное","syn":[{"text":"непреднамеренный","pos":"прилагательное"}],"mean":[{"text":"random"},{"text":"unintentional"}],"ex":[{"text":"accidental damage","tr":[{"text":"случайное повреждение"}]}]},{"text":"второстепенный","pos":"прилагательное","mean":[{"text":"secondary"}]},{"text":"аварийный","pos":"прилагательное","mean":[{"text":"emergency"}],"ex":[{"text":"accidental pollution","tr":[{"text":"аварийное загрязнение"}]}]}]},{"text":"accidental","pos":"noun","ts":"æksɪˈdentl","tr":[{"text":"случайность","pos":"существительное","gen":"ж","mean":[{"text":"accident"}]}]}]}