{"head":{},"def":[{"text":"accomplish","pos":"verb","ts":"əˈkɔmplɪʃ","tr":[{"text":"выполнять","pos":"глагол","asp":"несов","syn":[{"text":"совершать","pos":"глагол","asp":"несов"},{"text":"выполнить","pos":"глагол","asp":"сов"},{"text":"совершить","pos":"глагол","asp":"сов"},{"text":"осуществить","pos":"глагол","asp":"сов"},{"text":"осуществлять","pos":"глагол","asp":"несов"},{"text":"исполнить","pos":"глагол","asp":"сов"},{"text":"реализовать","pos":"глагол"}],"mean":[{"text":"perform"},{"text":"commit"},{"text":"implement"}],"ex":[{"text":"accomplish the task","tr":[{"text":"выполнить задачу"}]},{"text":"accomplish a feat","tr":[{"text":"совершить подвиг"}]}]},{"text":"достигать","pos":"глагол","asp":"несов","syn":[{"text":"достичь","pos":"глагол","asp":"сов"},{"text":"добиться","pos":"глагол","asp":"сов"},{"text":"достигнуть","pos":"глагол","asp":"сов"},{"text":"добиваться","pos":"глагол","asp":"несов"}],"mean":[{"text":"achieve"}],"ex":[{"text":"accomplish so","tr":[{"text":"достигнуть столь"}]}]},{"text":"завершать","pos":"глагол","asp":"несов","syn":[{"text":"завершить","pos":"глагол","asp":"сов"}],"mean":[{"text":"complete"}]},{"text":"сделать","pos":"глагол","asp":"сов","syn":[{"text":"свершить","pos":"глагол","asp":"сов"}],"mean":[{"text":"make"}],"ex":[{"text":"accomplish today","tr":[{"text":"сделать сегодня"}]}]},{"text":"решать","pos":"глагол","asp":"несов","mean":[{"text":"solve"}]},{"text":"совершенствовать","pos":"глагол","asp":"несов","mean":[{"text":"improve"}]}]}]}