{"head":{},"def":[{"text":"accost","pos":"verb","ts":"əˈkɔst","tr":[{"text":"приставать","pos":"глагол","asp":"несов","syn":[{"text":"пристать","pos":"глагол","asp":"сов"}],"mean":[{"text":"molest"},{"text":"stick"}]},{"text":"обращаться","pos":"глагол","asp":"несов","mean":[{"text":"treat"}]}]},{"text":"accost","pos":"noun","ts":"əˈkɔst","tr":[{"text":"обращение","pos":"существительное","gen":"ср","mean":[{"text":"address"}]}]}]}