{"head":{},"def":[{"text":"accordion","pos":"noun","ts":"əˈkɔːdjən","tr":[{"text":"аккордеон","pos":"существительное","gen":"м","syn":[{"text":"гармонь","pos":"существительное","gen":"ж"},{"text":"гармоника","pos":"существительное","gen":"ж"},{"text":"баян","pos":"существительное","gen":"м"},{"text":"гармошка","pos":"существительное","gen":"ж"},{"text":"аккордеонист","pos":"существительное","gen":"м"}],"mean":[{"text":"squeeze"},{"text":"harmonic"},{"text":"bayan"},{"text":"harmonica"},{"text":"accordionist"}],"ex":[{"text":"button accordion","tr":[{"text":"кнопочный аккордеон"}]}]}]}]}