{"head":{},"def":[{"text":"accomplice","pos":"noun","ts":"əˈkɔmplɪs","tr":[{"text":"сообщник","pos":"существительное","gen":"м","syn":[{"text":"соучастник","pos":"существительное","gen":"м"},{"text":"пособник","pos":"существительное","gen":"м"},{"text":"соучастница","pos":"существительное","gen":"ж"}],"mean":[{"text":"confederate"},{"text":"partner"},{"text":"collaborator"}],"ex":[{"text":"accomplices of the crime","tr":[{"text":"соучастники преступления"}]}]}]}]}