{"head":{},"def":[{"text":"accuse","pos":"verb","ts":"əˈkjuːz","tr":[{"text":"обвинять","pos":"глагол","asp":"несов","syn":[{"text":"обвинить","pos":"глагол","asp":"сов"},{"text":"винить","pos":"глагол","asp":"несов"},{"text":"осуждать","pos":"глагол","asp":"несов"},{"text":"упрекать","pos":"глагол","asp":"несов"},{"text":"упрекнуть","pos":"глагол","asp":"сов"}],"mean":[{"text":"blame"},{"text":"condemn"}],"ex":[{"text":"accuse god","tr":[{"text":"обвинять бога"}]}]}]}]}