{"head":{},"def":[{"text":"accustom","pos":"verb","ts":"əˈkʌstəm","tr":[{"text":"приучать","pos":"глагол","asp":"несов","syn":[{"text":"приучить","pos":"глагол","asp":"сов"}],"mean":[{"text":"habituate"}]},{"text":"привыкать","pos":"глагол","asp":"несов","syn":[{"text":"привыкнуть","pos":"глагол","asp":"сов"},{"text":"освоиться","pos":"глагол","asp":"сов"}],"mean":[{"text":"adjust"},{"text":"get"},{"text":"adapt"}]}]}]}