{"head":{},"def":[{"text":"ace","pos":"noun","ts":"eɪs","tr":[{"text":"туз","pos":"существительное","gen":"м","syn":[{"text":"козырь","pos":"существительное","gen":"м"}],"mean":[{"text":"trump"}],"ex":[{"text":"diamonds ace","tr":[{"text":"бубновый туз"}]}]},{"text":"ас","pos":"существительное","gen":"м","mean":[{"text":"ac"}],"ex":[{"text":"real ace","tr":[{"text":"настоящий ас"}]}]},{"text":"очко","pos":"существительное","gen":"ср","mean":[{"text":"point"}]}]},{"text":"ACE","pos":"noun","ts":"eɪs","tr":[{"text":"туз","pos":"существительное","gen":"м"},{"text":"АС","pos":"существительное","gen":"м","mean":[{"text":"ac"}]}]}]}