{"head":{},"def":[{"text":"ache","pos":"noun","ts":"eɪk","tr":[{"text":"боль","pos":"существительное","gen":"ж","syn":[{"text":"ломота","pos":"существительное","gen":"ж"}],"mean":[{"text":"pain"}],"ex":[{"text":"dull ache","tr":[{"text":"тупая боль"}]}]}]},{"text":"ache","pos":"verb","ts":"eɪk","tr":[{"text":"болеть","pos":"глагол","asp":"несов","syn":[{"text":"ныть","pos":"глагол","asp":"несов"},{"text":"заболеть","pos":"глагол","asp":"сов"},{"text":"ломить","pos":"глагол","asp":"несов"},{"text":"разболеться","pos":"глагол","asp":"сов"},{"text":"щемить","pos":"глагол","asp":"несов"}],"mean":[{"text":"hurt"},{"text":"sore"},{"text":"ill"},{"text":"break"}]},{"text":"жаждать","pos":"глагол","asp":"несов","mean":[{"text":"thirst"}]}]}]}