{"head":{},"def":[{"text":"achieve","pos":"verb","ts":"əˈʧiːv","tr":[{"text":"достигать","pos":"глагол","asp":"несов","syn":[{"text":"добиваться","pos":"глагол","asp":"несов"},{"text":"добиться","pos":"глагол","asp":"сов"},{"text":"достичь","pos":"глагол","asp":"сов"},{"text":"достигнуть","pos":"глагол","asp":"сов"},{"text":"получить","pos":"глагол","asp":"сов"},{"text":"обрести","pos":"глагол","asp":"сов"}],"mean":[{"text":"reach"},{"text":"seek"},{"text":"get"},{"text":"gain"}],"ex":[{"text":"achieve results","tr":[{"text":"достигать результатов"}]},{"text":"achieve success","tr":[{"text":"добиваться успеха"}]},{"text":"achieve recognition","tr":[{"text":"добиться признания"}]},{"text":"achieve stability","tr":[{"text":"достичь стабильности"}]},{"text":"achieve enlightenment","tr":[{"text":"достигнуть просветления"}]},{"text":"achieve salvation","tr":[{"text":"получить спасение"}]},{"text":"achieve unity","tr":[{"text":"обрести единство"}]}]},{"text":"выполнять","pos":"глагол","asp":"несов","syn":[{"text":"реализовать","pos":"глагол"},{"text":"выполнить","pos":"глагол","asp":"сов"},{"text":"осуществить","pos":"глагол","asp":"сов"}],"mean":[{"text":"fulfill"},{"text":"implement"}]},{"text":"одержать","pos":"глагол","asp":"сов","mean":[{"text":"win"}],"ex":[{"text":"achieve victory","tr":[{"text":"одержать победу"}]}]}]}]}