{"head":{},"def":[{"text":"acid","pos":"noun","ts":"ˈæsɪd","tr":[{"text":"кислота","pos":"существительное","gen":"ж","mean":[{"text":"acidity"}],"ex":[{"text":"fatty acid","tr":[{"text":"жирная кислота"}]}]}]},{"text":"acid","pos":"adjective","ts":"ˈæsɪd","tr":[{"text":"кислотный","pos":"прилагательное","syn":[{"text":"кислый","pos":"прилагательное"},{"text":"едкий","pos":"прилагательное"}],"mean":[{"text":"acidic"},{"text":"sour"},{"text":"caustic"}],"ex":[{"text":"acid rain","tr":[{"text":"кислотный дождь"}]},{"text":"acid gas","tr":[{"text":"кислый газ"}]}]}]}]}