{"head":{},"def":[{"text":"acidity","pos":"noun","ts":"əˈsɪdɪtɪ","tr":[{"text":"кислотность","pos":"существительное","gen":"ж","syn":[{"text":"кислота","pos":"существительное","gen":"ж"}],"mean":[{"text":"hyperacidity"},{"text":"acid"}],"ex":[{"text":"soil acidity","tr":[{"text":"кислотность почвы"}]}]},{"text":"кислинка","pos":"существительное","gen":"ж","mean":[{"text":"sour"}],"ex":[{"text":"slight acidity","tr":[{"text":"легкая кислинка"}]}]}]},{"text":"acidity","pos":"adjective","ts":"əˈsɪdɪtɪ","tr":[{"text":"кислотный","pos":"прилагательное","mean":[{"text":"acid"}]}]}]}