{"head":{},"def":[{"text":"acknowledge","pos":"verb","ts":"əkˈnɔlɪʤ","tr":[{"text":"подтверждать","pos":"глагол","asp":"несов","syn":[{"text":"подтвердить","pos":"глагол","asp":"сов"}],"mean":[{"text":"confirm"}],"ex":[{"text":"acknowledge receipt","tr":[{"text":"подтвердить получение"}]}]},{"text":"признавать","pos":"глагол","asp":"несов","syn":[{"text":"допускать","pos":"глагол","asp":"несов"},{"text":"признать","pos":"глагол","asp":"сов"},{"text":"признаться","pos":"глагол","asp":"сов"}],"mean":[{"text":"recognize"},{"text":"admit"}],"ex":[{"text":"acknowledge god","tr":[{"text":"признавать бога"}]},{"text":"acknowledge the truth","tr":[{"text":"признать истину"}]}]},{"text":"сознавать","pos":"глагол","asp":"несов","syn":[{"text":"осознать","pos":"глагол","asp":"сов"},{"text":"осознавать","pos":"глагол","asp":"несов"}],"mean":[{"text":"realize"}]},{"text":"отметить","pos":"глагол","asp":"сов","syn":[{"text":"констатировать","pos":"глагол"}],"mean":[{"text":"note"},{"text":"ascertain"}]}]}]}