{"head":{},"def":[{"text":"acolyte","pos":"noun","ts":"ˈækəʊlaɪt","tr":[{"text":"помощник","pos":"существительное","gen":"м","mean":[{"text":"helper"}],"ex":[{"text":"chief acolyte","tr":[{"text":"главный помощник"}]}]},{"text":"служитель","pos":"существительное","gen":"м","syn":[{"text":"служительница","pos":"существительное","gen":"ж"}],"mean":[{"text":"servant"}]},{"text":"причетник","pos":"существительное","gen":"м","syn":[{"text":"псаломщик","pos":"существительное","gen":"м"}]},{"text":"аколит","pos":"существительное","gen":"м"},{"text":"прислужник","pos":"существительное","gen":"м","syn":[{"text":"приспешник","pos":"существительное","gen":"м"}],"mean":[{"text":"lackey"},{"text":"henchman"}]},{"text":"последователь","pos":"существительное","gen":"м","mean":[{"text":"follower"}]}]}]}