{"head":{},"def":[{"text":"acquisition","pos":"noun","ts":"ækwɪˈzɪʃn","tr":[{"text":"приобретение","pos":"существительное","gen":"ср","syn":[{"text":"получение","pos":"существительное","gen":"ср"},{"text":"закупка","pos":"существительное","gen":"ж"},{"text":"комплектование","pos":"существительное","gen":"ср"}],"mean":[{"text":"purchase"},{"text":"receipt"},{"text":"recruitment"}],"ex":[{"text":"new acquisition","tr":[{"text":"новое приобретение"}]},{"text":"acquisition of income","tr":[{"text":"получение дохода"}]},{"text":"acquisition of equipment","tr":[{"text":"закупка оборудования"}]}]},{"text":"овладение","pos":"существительное","mean":[{"text":"mastery"}],"ex":[{"text":"language acquisition","tr":[{"text":"овладение языком"}]}]},{"text":"сбор","pos":"существительное","gen":"м","syn":[{"text":"прием","pos":"существительное","gen":"м"}],"mean":[{"text":"collection"},{"text":"reception"}],"ex":[{"text":"data acquisition","tr":[{"text":"сбор данных"}]},{"text":"simultaneous acquisition","tr":[{"text":"одновременный прием"}]}]},{"text":"обретение","pos":"существительное","gen":"ср","mean":[{"text":"gain"}]}]}]}