{"head":{},"def":[{"text":"acquaintance","pos":"noun","ts":"əˈkweɪntəns","tr":[{"text":"знакомство","pos":"существительное","gen":"ср","syn":[{"text":"ознакомление","pos":"существительное","gen":"ср"}],"mean":[{"text":"familiarity"},{"text":"familiarization"}],"ex":[{"text":"close acquaintance","tr":[{"text":"близкое знакомство"}]},{"text":"mutual acquaintance","tr":[{"text":"взаимное ознакомление"}]}]},{"text":"знакомый","pos":"существительное","syn":[{"text":"знакомец","pos":"существительное","gen":"м"},{"text":"приятель","pos":"существительное","gen":"м"}],"mean":[{"text":"friend"}],"ex":[{"text":"new acquaintance","tr":[{"text":"новый знакомый"}]},{"text":"old acquaintance","tr":[{"text":"старый знакомец"}]}]}]},{"text":"acquaintance","pos":"adjective","ts":"əˈkweɪntəns","tr":[{"text":"ознакомительный","pos":"прилагательное","mean":[{"text":"trial"}]}]}]}