{"head":{},"def":[{"text":"acquire","pos":"verb","ts":"əˈkwaɪə","tr":[{"text":"приобретать","pos":"глагол","asp":"несов","syn":[{"text":"покупать","pos":"глагол"},{"text":"приобрести","pos":"глагол","asp":"сов"},{"text":"купить","pos":"глагол","asp":"сов"}],"mean":[{"text":"purchase"},{"text":"buy"}],"ex":[{"text":"acquire knowledge","tr":[{"text":"приобретать знания"}]},{"text":"acquired company","tr":[{"text":"приобретенная компания"}]}]},{"text":"получать","pos":"глагол","asp":"несов","syn":[{"text":"обзаводиться","pos":"глагол","asp":"несов"},{"text":"получить","pos":"глагол","asp":"сов"},{"text":"обрести","pos":"глагол","asp":"сов"},{"text":"обзавестись","pos":"глагол","asp":"сов"},{"text":"заполучить","pos":"глагол","asp":"сов"}],"mean":[{"text":"receive"},{"text":"get"},{"text":"obtain"},{"text":"gain"}],"ex":[{"text":"acquire information","tr":[{"text":"получать информацию"}]},{"text":"acquire skills","tr":[{"text":"получить навыки"}]},{"text":"acquire wisdom","tr":[{"text":"обрести мудрость"}]}]},{"text":"овладевать","pos":"глагол","asp":"несов","syn":[{"text":"овладеть","pos":"глагол","asp":"сов"}],"mean":[{"text":"seize"},{"text":"possess"}]},{"text":"усвоить","pos":"глагол","asp":"сов","mean":[{"text":"learn"}]},{"text":"нажить","pos":"глагол","asp":"сов","mean":[{"text":"make"}],"ex":[{"text":"acquired property","tr":[{"text":"нажитое имущество"}]}]},{"text":"достигать","pos":"глагол","asp":"несов","mean":[{"text":"attain"}]},{"text":"обрасти","pos":"глагол","asp":"сов","mean":[{"text":"overgrown"}]}]}]}