{"head":{},"def":[{"text":"acquaint","pos":"verb","ts":"əˈkweɪnt","tr":[{"text":"знакомить","pos":"глагол","asp":"несов","syn":[{"text":"познакомить","pos":"глагол","asp":"сов"}],"mean":[{"text":"introduce"}]},{"text":"познакомиться","pos":"глагол","asp":"сов","syn":[{"text":"ознакомиться","pos":"глагол","asp":"сов"},{"text":"ознакомить","pos":"глагол","asp":"сов"},{"text":"знакомиться","pos":"глагол","asp":"несов"}],"mean":[{"text":"meet"},{"text":"familiarize"}]},{"text":"сообщать","pos":"глагол","asp":"несов","mean":[{"text":"inform"}]}]}]}