{"head":{},"def":[{"text":"act","pos":"noun","ts":"ækt","tr":[{"text":"акт","pos":"существительное","gen":"м","syn":[{"text":"документ","pos":"существительное","gen":"м"}],"mean":[{"text":"instrument"},{"text":"document"}],"ex":[{"text":"legal act","tr":[{"text":"правовой акт"}]}]},{"text":"действие","pos":"существительное","gen":"ср","syn":[{"text":"поступок","pos":"существительное","gen":"м"},{"text":"деяние","pos":"существительное","gen":"ср"},{"text":"акция","pos":"существительное","gen":"ж"}],"mean":[{"text":"action"},{"text":"deed"}],"ex":[{"text":"violent act","tr":[{"text":"насильственное действие"}]},{"text":"heroic act","tr":[{"text":"героический поступок"}]},{"text":"book of acts","tr":[{"text":"книга деяний"}]},{"text":"criminal act","tr":[{"text":"преступная акция"}]}]},{"text":"закон","pos":"существительное","gen":"м","syn":[{"text":"постановление","pos":"существительное","gen":"ср"}],"mean":[{"text":"law"},{"text":"regulation"}],"ex":[{"text":"employment act","tr":[{"text":"закон о занятости"}]}]},{"text":"дело","pos":"существительное","gen":"ср","mean":[{"text":"case"}]},{"text":"вести","pos":"существительное","mean":[{"text":"lead"}]},{"text":"номер","pos":"существительное","gen":"м","mean":[{"text":"room"}]}]},{"text":"act","pos":"verb","ts":"ækt","tr":[{"text":"действовать","pos":"глагол","asp":"несов","syn":[{"text":"вести себя","pos":"глагол"},{"text":"работать","pos":"глагол","asp":"несов"},{"text":"влиять","pos":"глагол","asp":"несов"},{"text":"подействовать","pos":"глагол","asp":"сов"},{"text":"воздействовать","pos":"глагол"}],"mean":[{"text":"operate"},{"text":"behave"},{"text":"affect"}],"ex":[{"text":"act quickly","tr":[{"text":"действовать быстро"}]},{"text":"act independently","tr":[{"text":"работать независимо"}]},{"text":"act directly","tr":[{"text":"воздействовать непосредственно"}]}]},{"text":"поступать","pos":"глагол","asp":"несов","syn":[{"text":"поступить","pos":"глагол","asp":"сов"}],"mean":[{"text":"do"}],"ex":[{"text":"act wisely","tr":[{"text":"поступать мудро"}]},{"text":"act correctly","tr":[{"text":"поступить правильно"}]}]},{"text":"выступать","pos":"глагол","asp":"несов","mean":[{"text":"perform"}],"ex":[{"text":"act simultaneously","tr":[{"text":"выступать одновременно"}]}]},{"text":"играть","pos":"глагол","asp":"несов","mean":[{"text":"play"}],"ex":[{"text":"act the parts","tr":[{"text":"играть роли"}]}]},{"text":"служить","pos":"глагол","asp":"несов","mean":[{"text":"serve"}]}]}]}