{"head":{},"def":[{"text":"activate","pos":"verb","ts":"ˈæktɪveɪt","tr":[{"text":"активировать","pos":"глагол","syn":[{"text":"включать","pos":"глагол","asp":"несов"},{"text":"включить","pos":"глагол","asp":"сов"},{"text":"подключить","pos":"глагол","asp":"сов"},{"text":"задействовать","pos":"глагол","asp":"сов"}],"mean":[{"text":"activation"},{"text":"include"},{"text":"enable"},{"text":"connect"}],"ex":[{"text":"activated carbon","tr":[{"text":"активированный уголь"}]},{"text":"activate the device","tr":[{"text":"включить устройство"}]}]},{"text":"активизировать","pos":"глагол","mean":[{"text":"active"}]},{"text":"приводить в действие","pos":"глагол","mean":[{"text":"operate"}]},{"text":"инициировать","pos":"глагол","mean":[{"text":"initiate"}]}]}]}