{"head":{},"def":[{"text":"activation","pos":"noun","ts":"æktɪˈveɪʃn","tr":[{"text":"активация","pos":"существительное","gen":"ж","syn":[{"text":"активизация","pos":"существительное","gen":"ж"},{"text":"активирование","pos":"существительное","gen":"ср"}],"mean":[{"text":"activate"}],"ex":[{"text":"activation key","tr":[{"text":"ключ активации"}]},{"text":"early activation","tr":[{"text":"ранняя активизация"}]}]},{"text":"включение","pos":"существительное","gen":"ср","syn":[{"text":"срабатывание","pos":"существительное","gen":"ср"}],"mean":[{"text":"inclusion"},{"text":"operation"}],"ex":[{"text":"simultaneous activation","tr":[{"text":"одновременное включение"}]},{"text":"accidental activation","tr":[{"text":"случайное срабатывание"}]}]},{"text":"подключение","pos":"существительное","gen":"ср","mean":[{"text":"connection"}],"ex":[{"text":"activation fee","tr":[{"text":"плата за подключение"}]}]}]},{"text":"activation","pos":"adjective","ts":"æktɪˈveɪʃn","tr":[{"text":"активационный","pos":"прилагательное","ex":[{"text":"activation barrier","tr":[{"text":"активационный барьер"}]}]}]}]}