{"head":{},"def":[{"text":"activity","pos":"noun","ts":"ækˈtɪvɪtɪ","tr":[{"text":"деятельность","pos":"существительное","gen":"ж","syn":[{"text":"активность","pos":"существительное","gen":"ж"},{"text":"работа","pos":"существительное","gen":"ж"}],"mean":[{"text":"operation"},{"text":"active"},{"text":"work"}],"ex":[{"text":"professional activity","tr":[{"text":"профессиональная деятельность"}]},{"text":"physical activity","tr":[{"text":"физическая активность"}]},{"text":"social activity","tr":[{"text":"социальная работа"}]}]},{"text":"мероприятие","pos":"существительное","gen":"ср","syn":[{"text":"занятие","pos":"существительное","gen":"ср"}],"mean":[{"text":"event"},{"text":"occupation"}],"ex":[{"text":"recreational activities","tr":[{"text":"развлекательные мероприятия"}]},{"text":"creative activity","tr":[{"text":"творческое занятие"}]}]},{"text":"действие","pos":"существительное","gen":"ср","mean":[{"text":"action"}],"ex":[{"text":"coordination of activities","tr":[{"text":"координация действий"}]}]},{"text":"энергия","pos":"существительное","gen":"ж","mean":[{"text":"energy"}]}]}]}