{"head":{},"def":[{"text":"action","pos":"noun","ts":"ækʃn","tr":[{"text":"действие","pos":"существительное","gen":"ср","syn":[{"text":"деятельность","pos":"существительное","gen":"ж"},{"text":"воздействие","pos":"существительное","gen":"ср"},{"text":"работа","pos":"существительное","gen":"ж"}],"mean":[{"text":"activity"},{"text":"impact"},{"text":"work"}],"ex":[{"text":"programme of action","tr":[{"text":"программа действий"}]},{"text":"international action","tr":[{"text":"международная деятельность"}]},{"text":"external action","tr":[{"text":"внешнее воздействие"}]}]},{"text":"акция","pos":"существительное","gen":"ж","mean":[{"text":"share"}],"ex":[{"text":"protest action","tr":[{"text":"акция протеста"}]}]},{"text":"поступок","pos":"существительное","gen":"м","syn":[{"text":"деяние","pos":"существительное","gen":"ср"}],"mean":[{"text":"act"}],"ex":[{"text":"rash action","tr":[{"text":"опрометчивый поступок"}]},{"text":"human action","tr":[{"text":"человеческое деяние"}]}]},{"text":"иск","pos":"существительное","gen":"м","mean":[{"text":"lawsuit"}],"ex":[{"text":"legal action","tr":[{"text":"судебный иск"}]}]},{"text":"поведение","pos":"существительное","gen":"ср","mean":[{"text":"behavior"}]},{"text":"бой","pos":"существительное","gen":"м","mean":[{"text":"fight"}],"ex":[{"text":"defensive action","tr":[{"text":"оборонительный бой"}]}]},{"text":"выступление","pos":"существительное","gen":"ср","syn":[{"text":"мероприятие","pos":"существительное","gen":"ср"},{"text":"действо","pos":"существительное","gen":"ср"}],"mean":[{"text":"performance"},{"text":"event"}],"ex":[{"text":"mass action","tr":[{"text":"массовое выступление"}]},{"text":"preventive action","tr":[{"text":"профилактическое мероприятие"}]},{"text":"stage action","tr":[{"text":"сценическое действо"}]}]},{"text":"мера","pos":"существительное","gen":"ж","mean":[{"text":"measure"}],"ex":[{"text":"disciplinary action","tr":[{"text":"дисциплинарная мера"}]}]},{"text":"дело","pos":"существительное","gen":"ср","mean":[{"text":"case"}],"ex":[{"text":"criminal action","tr":[{"text":"уголовное дело"}]}]},{"text":"операция","pos":"существительное","gen":"ж","mean":[{"text":"operation"}],"ex":[{"text":"offensive action","tr":[{"text":"наступательная операция"}]}]},{"text":"экшен","pos":"существительное","gen":"м","mean":[{"text":"action game"}]},{"text":"судебный процесс","pos":"существительное","mean":[{"text":"proceeding"}]},{"text":"обвинение","pos":"существительное","gen":"ср","mean":[{"text":"charge"}]}]},{"text":"action","pos":"adjective","ts":"ækʃn","tr":[{"text":"боевой","pos":"прилагательное","mean":[{"text":"combat"}]}]}]}