{"head":{},"def":[{"text":"actor","pos":"noun","ts":"ˈæktə","tr":[{"text":"актер","pos":"существительное","gen":"м","syn":[{"text":"артист","pos":"существительное","gen":"м"},{"text":"актриса","pos":"существительное","gen":"ж"}],"mean":[{"text":"artist"},{"text":"actress"}],"ex":[{"text":"great actor","tr":[{"text":"великий актер"}]},{"text":"amateur actors","tr":[{"text":"самодеятельные артисты"}]},{"text":"young actor","tr":[{"text":"молодая актриса"}]}]},{"text":"деятель","pos":"существительное","gen":"м","mean":[{"text":"activist"}],"ex":[{"text":"political actor","tr":[{"text":"политический деятель"}]}]},{"text":"субъект","pos":"существительное","gen":"м","syn":[{"text":"актор","pos":"существительное","gen":"м"}],"mean":[{"text":"entity"}],"ex":[{"text":"economic actor","tr":[{"text":"субъект экономической деятельности"}]}]},{"text":"участник","pos":"существительное","gen":"м","mean":[{"text":"participant"}],"ex":[{"text":"local actors","tr":[{"text":"местные участники"}]}]},{"text":"действующее лицо","pos":"существительное","mean":[{"text":"character"}]},{"text":"игрок","pos":"существительное","gen":"м","mean":[{"text":"player"}],"ex":[{"text":"key actor","tr":[{"text":"ключевой игрок"}]}]}]},{"text":"actor","pos":"participle","ts":"ˈæktə","tr":[{"text":"действующий","pos":"причастие","mean":[{"text":"acting"}]}]},{"text":"actor","pos":"adjective","ts":"ˈæktə","tr":[{"text":"актерский","pos":"прилагательное","mean":[{"text":"acting"}],"ex":[{"text":"actors studio","tr":[{"text":"актерская студия"}]}]}]}]}