{"head":{},"def":[{"text":"actuation","pos":"noun","ts":"ækʧʊˈeɪʃn","tr":[{"text":"срабатывание","pos":"существительное","gen":"ср","syn":[{"text":"запуск","pos":"существительное","gen":"м"},{"text":"приведение в действие","pos":"существительное"},{"text":"включение","pos":"существительное","gen":"ср"}],"mean":[{"text":"operation"},{"text":"startup"},{"text":"inclusion"}],"ex":[{"text":"actuation time","tr":[{"text":"время срабатывания"}]}]}]}]}