{"head":{},"def":[{"text":"acupressure","pos":"noun","ts":"əˈkjuːpreʃər","tr":[{"text":"акупрессура","pos":"существительное","gen":"ж","syn":[{"text":"точечный массаж","pos":"существительное"}],"mean":[{"text":"point massage"}]}]},{"text":"acupressure","pos":"adjective","ts":"əˈkjuːpreʃər","tr":[{"text":"акупрессурный","pos":"прилагательное","ex":[{"text":"acupressure points","tr":[{"text":"акупрессурные точки"}]}]}]}]}