{"head":{},"def":[{"text":"ad","pos":"noun","ts":"æd","tr":[{"text":"объявление","pos":"существительное","gen":"ср","syn":[{"text":"реклама","pos":"существительное","gen":"ж"}],"mean":[{"text":"announcement"},{"text":"advertisement"}],"ex":[{"text":"free ad","tr":[{"text":"бесплатное объявление"}]},{"text":"banner ad","tr":[{"text":"баннерная реклама"}]}]},{"text":"ад","pos":"существительное","gen":"м","mean":[{"text":"hell"}]},{"text":"наша эра","pos":"существительное"}]},{"text":"ad","pos":"adjective","ts":"æd","tr":[{"text":"рекламный","pos":"прилагательное","mean":[{"text":"advertisement"}],"ex":[{"text":"ad campaign","tr":[{"text":"рекламная кампания"}]}]},{"text":"специальный","pos":"прилагательное","mean":[{"text":"special"}],"ex":[{"text":"ad servers","tr":[{"text":"специальные серверы"}]}]}]}]}