{"head":{},"def":[{"text":"adapt","pos":"verb","ts":"əˈdæpt","tr":[{"text":"адаптировать","pos":"глагол","syn":[{"text":"приспособлять","pos":"глагол","asp":"несов"},{"text":"приспособить","pos":"глагол","asp":"сов"}],"mean":[{"text":"tailor"},{"text":"accommodate"}],"ex":[{"text":"adapted version","tr":[{"text":"адаптированный вариант"}]}]},{"text":"приспосабливать","pos":"глагол","asp":"несов","syn":[{"text":"приспосабливаться","pos":"глагол","asp":"несов"},{"text":"адаптироваться","pos":"глагол"},{"text":"приспособиться","pos":"глагол","asp":"сов"},{"text":"освоиться","pos":"глагол","asp":"сов"}],"mean":[{"text":"fit"},{"text":"adjust"},{"text":"accustom"}]},{"text":"переделывать","pos":"глагол","asp":"несов","mean":[{"text":"alter"}]}]}]}