{"head":{},"def":[{"text":"adaptation","pos":"noun","ts":"ædæpˈteɪʃn","tr":[{"text":"адаптация","pos":"существительное","gen":"ж","syn":[{"text":"адаптирование","pos":"существительное","gen":"ср"},{"text":"приспособляемость","pos":"существительное","gen":"ж"}],"mean":[{"text":"adapt"},{"text":"adaptability"}],"ex":[{"text":"social adaptation","tr":[{"text":"социальная адаптация"}]}]},{"text":"приспособление","pos":"существительное","gen":"ср","mean":[{"text":"fixture"}],"ex":[{"text":"protective adaptation","tr":[{"text":"защитное приспособление"}]}]},{"text":"переделка","pos":"существительное","gen":"ж","syn":[{"text":"доработка","pos":"существительное","gen":"ж"}],"mean":[{"text":"alteration"},{"text":"improvement"}]},{"text":"привыкание","pos":"существительное","gen":"ср","mean":[{"text":"addictive"}]},{"text":"приспосабливание","pos":"существительное","gen":"ср","mean":[{"text":"adjustment"}]}]},{"text":"adaptation","pos":"adjective","ts":"ædæpˈteɪʃn","tr":[{"text":"адаптационный","pos":"прилагательное","mean":[{"text":"adaptive"}],"ex":[{"text":"adaptation fund","tr":[{"text":"адаптационный фонд"}]}]}]}]}