{"head":{},"def":[{"text":"adaptive","pos":"adjective","ts":"əˈdæptɪv","tr":[{"text":"адаптивный","pos":"прилагательное","syn":[{"text":"приспособительный","pos":"прилагательное"},{"text":"адаптационный","pos":"прилагательное"}],"mean":[{"text":"adaptation"}],"ex":[{"text":"adaptive system","tr":[{"text":"адаптивная система"}]},{"text":"adaptive behavior","tr":[{"text":"приспособительное поведение"}]},{"text":"adaptive response","tr":[{"text":"адаптационная реакция"}]}]}]},{"text":"adaptive","pos":"participle","ts":"əˈdæptɪv","tr":[{"text":"адаптирующийся","pos":"причастие","syn":[{"text":"приспосабливающийся","pos":"причастие"}],"mean":[{"text":"adapting"}]}]}]}