{"head":{},"def":[{"text":"additional","pos":"adjective","ts":"əˈdɪʃənl","tr":[{"text":"дополнительный","pos":"прилагательное","syn":[{"text":"добавочный","pos":"прилагательное"},{"text":"вспомогательный","pos":"прилагательное"}],"mean":[{"text":"further"},{"text":"extra"},{"text":"auxiliary"}],"ex":[{"text":"additional protocol","tr":[{"text":"дополнительный протокол"}]},{"text":"additional device","tr":[{"text":"добавочное устройство"}]},{"text":"additional tool","tr":[{"text":"вспомогательный инструмент"}]}]}]}]}