{"head":{},"def":[{"text":"addict","pos":"noun","ts":"ˈædɪkt","tr":[{"text":"наркоман","pos":"существительное","gen":"м","syn":[{"text":"алкоголик","pos":"существительное","gen":"м"},{"text":"наркоманка","pos":"существительное","gen":"ж"}],"mean":[{"text":"drug addict"},{"text":"alcoholic"}],"ex":[{"text":"heroin addict","tr":[{"text":"наркоман героина"}]}]},{"text":"пристрастие","pos":"существительное","gen":"ср","mean":[{"text":"addiction"}]}]},{"text":"addict","pos":"verb","ts":"ˈædɪkt","tr":[{"text":"увлекаться","pos":"глагол","asp":"несов","mean":[{"text":"keen"}]},{"text":"пристраститься","pos":"глагол","asp":"сов","syn":[{"text":"подсесть","pos":"глагол","asp":"сов"}],"mean":[{"text":"sit down"}]}]},{"text":"addict","pos":"adjective","ts":"ˈædɪkt","tr":[{"text":"зависимый","pos":"прилагательное","mean":[{"text":"dependent"}],"ex":[{"text":"addicted people","tr":[{"text":"зависимые люди"}]}]}]},{"text":"addict","pos":"participle","ts":"ˈædɪkt","tr":[{"text":"пристрастившийся","pos":"причастие","mean":[{"text":"addicted"}]}]}]}