{"head":{},"def":[{"text":"additive","pos":"noun","ts":"ˈædɪtɪv","tr":[{"text":"добавка","pos":"существительное","gen":"ж","syn":[{"text":"присадка","pos":"существительное","gen":"ж"},{"text":"примесь","pos":"существительное","gen":"ж"}],"mean":[{"text":"supplement"},{"text":"dopant"},{"text":"admixture"}],"ex":[{"text":"food additive","tr":[{"text":"пищевая добавка"}]},{"text":"multifunctional additive","tr":[{"text":"многофункциональная присадка"}]},{"text":"chemical additives","tr":[{"text":"химические примеси"}]}]},{"text":"добавление","pos":"существительное","gen":"ср","syn":[{"text":"дополнение","pos":"существительное","gen":"ср"}],"mean":[{"text":"adding"},{"text":"addition"}]}]},{"text":"additive","pos":"adjective","ts":"ˈædɪtɪv","tr":[{"text":"аддитивный","pos":"прилагательное","ex":[{"text":"additive model","tr":[{"text":"аддитивная модель"}]}]}]}]}