{"head":{},"def":[{"text":"addictive","pos":"participle","ts":"əˈdɪktɪv","tr":[{"text":"вызывающий привыкание","pos":"причастие"},{"text":"захватывающий","pos":"причастие","mean":[{"text":"fascinating"}]}]},{"text":"addictive","pos":"adjective","ts":"əˈdɪktɪv","tr":[{"text":"увлекательный","pos":"прилагательное","mean":[{"text":"fascinating"}],"ex":[{"text":"addictive game","tr":[{"text":"увлекательная игра"}]}]},{"text":"аддиктивный","pos":"прилагательное"}]}]}