{"head":{},"def":[{"text":"adequacy","pos":"noun","ts":"ˈædɪkwəsɪ","tr":[{"text":"адекватность","pos":"существительное","gen":"ж","syn":[{"text":"достаточность","pos":"существительное","gen":"ж"},{"text":"соразмерность","pos":"существительное","gen":"ж"}],"mean":[{"text":"appropriateness"},{"text":"sufficiency"},{"text":"proportionality"}],"ex":[{"text":"model adequacy","tr":[{"text":"адекватность модели"}]},{"text":"capital adequacy","tr":[{"text":"достаточность капитала"}]}]},{"text":"соответствие","pos":"существительное","gen":"ср","mean":[{"text":"compliance"}]},{"text":"компетентность","pos":"существительное","gen":"ж","mean":[{"text":"competence"}]}]}]}