{"head":{},"def":[{"text":"adhesion","pos":"noun","ts":"ədˈhiːʒən","tr":[{"text":"адгезия","pos":"существительное","gen":"ж","syn":[{"text":"прилипание","pos":"существительное","gen":"ср"},{"text":"склеивание","pos":"существительное","gen":"ср"},{"text":"слипание","pos":"существительное","gen":"ср"}],"mean":[{"text":"adhesive"},{"text":"stick"},{"text":"bonding"},{"text":"agglutination"}],"ex":[{"text":"good adhesion","tr":[{"text":"хорошая адгезия"}]}]},{"text":"сцепление","pos":"существительное","gen":"ср","mean":[{"text":"traction"}],"ex":[{"text":"coefficient of adhesion","tr":[{"text":"коэффициент сцепления"}]}]},{"text":"спайка","pos":"существительное","gen":"ж","mean":[{"text":"commissure"}]},{"text":"присоединение","pos":"существительное","gen":"ср","mean":[{"text":"accession"}]},{"text":"приверженность","pos":"существительное","gen":"ж","syn":[{"text":"верность","pos":"существительное","gen":"ж"}],"mean":[{"text":"adherence"},{"text":"loyalty"}]}]},{"text":"adhesion","pos":"adjective","ts":"ədˈhiːʒən","tr":[{"text":"адгезионный","pos":"прилагательное","mean":[{"text":"adhesive"}],"ex":[{"text":"adhesion strength","tr":[{"text":"адгезионная прочность"}]}]},{"text":"сцепной","pos":"прилагательное","mean":[{"text":"coupling"}]}]}]}