{"head":{},"def":[{"text":"adhesive","pos":"adjective","ts":"ədˈhiːsɪv","tr":[{"text":"клейкий","pos":"прилагательное","syn":[{"text":"липкий","pos":"прилагательное"},{"text":"адгезионный","pos":"прилагательное"},{"text":"клеевой","pos":"прилагательное"},{"text":"слипчивый","pos":"прилагательное"},{"text":"адгезивный","pos":"прилагательное"}],"mean":[{"text":"sticky"},{"text":"adhesion"},{"text":"glue"}],"ex":[{"text":"adhesive film","tr":[{"text":"клейкая пленка"}]},{"text":"adhesive paper","tr":[{"text":"липкая бумага"}]},{"text":"adhesive strength","tr":[{"text":"адгезионная прочность"}]},{"text":"adhesive joint","tr":[{"text":"клеевое соединение"}]},{"text":"adhesive layer","tr":[{"text":"адгезивный слой"}]}]}]},{"text":"adhesive","pos":"noun","ts":"ədˈhiːsɪv","tr":[{"text":"клей","pos":"существительное","gen":"м","syn":[{"text":"адгезив","pos":"существительное","gen":"м"},{"text":"пластырь","pos":"существительное","gen":"м"}],"mean":[{"text":"glue"},{"text":"patch"}],"ex":[{"text":"synthetic adhesives","tr":[{"text":"синтетические клеи"}]}]},{"text":"прилипатель","pos":"существительное","gen":"м"},{"text":"адгезия","pos":"существительное","gen":"ж","mean":[{"text":"adhesion"}],"ex":[{"text":"adhesive force","tr":[{"text":"сила адгезии"}]}]}]}]}