{"head":{},"def":[{"text":"adherent","pos":"noun","ts":"ədˈhɪərənt","tr":[{"text":"приверженец","pos":"существительное","gen":"м","syn":[{"text":"сторонник","pos":"существительное","gen":"м"},{"text":"адепт","pos":"существительное","gen":"м"},{"text":"единомышленник","pos":"существительное","gen":"м"},{"text":"последователь","pos":"существительное","gen":"м"},{"text":"ревнитель","pos":"существительное","gen":"м"}],"mean":[{"text":"follower"},{"text":"supporter"},{"text":"adept"},{"text":"jealous god"}],"ex":[{"text":"ardent adherents","tr":[{"text":"ярые приверженцы"}]},{"text":"active adherents","tr":[{"text":"активные сторонники"}]},{"text":"new adherents","tr":[{"text":"новые адепты"}]}]}]},{"text":"adherent","pos":"adjective","ts":"ədˈhɪərənt","tr":[{"text":"липкий","pos":"прилагательное","syn":[{"text":"клейкий","pos":"прилагательное"},{"text":"вязкий","pos":"прилагательное"}],"mean":[{"text":"adhesive"},{"text":"viscous"}]}]}]}