{"head":{},"def":[{"text":"adhere","pos":"verb","ts":"ədˈhɪə","tr":[{"text":"придерживаться","pos":"глагол","asp":"несов","syn":[{"text":"соблюдать","pos":"глагол","asp":"несов"},{"text":"прилипать","pos":"глагол","asp":"несов"},{"text":"приставать","pos":"глагол","asp":"несов"},{"text":"следовать","pos":"глагол","asp":"несов"}],"mean":[{"text":"stick"},{"text":"observe"},{"text":"follow"}],"ex":[{"text":"adhere to standard","tr":[{"text":"придерживаться стандарта"}]},{"text":"adhere to the rules","tr":[{"text":"соблюдать правила"}]}]},{"text":"присоединяться","pos":"глагол","asp":"несов","syn":[{"text":"примыкать","pos":"глагол","asp":"несов"},{"text":"примкнуть","pos":"глагол","asp":"сов"}],"mean":[{"text":"join"},{"text":"adjoin"}]},{"text":"привязать","pos":"глагол","asp":"сов","syn":[{"text":"привязывать","pos":"глагол","asp":"несов"}],"mean":[{"text":"bind"}]},{"text":"выполнять","pos":"глагол","asp":"несов","mean":[{"text":"perform"}]},{"text":"исповедовать","pos":"глагол","mean":[{"text":"confess"}]}]}]}