{"head":{},"def":[{"text":"adjourn","pos":"verb","ts":"əˈʤɜːn","tr":[{"text":"откладывать","pos":"глагол","asp":"несов","syn":[{"text":"отложить","pos":"глагол","asp":"сов"},{"text":"прервать","pos":"глагол","asp":"сов"}],"mean":[{"text":"postpone"},{"text":"interrupt"}],"ex":[{"text":"adjourn the meeting","tr":[{"text":"прервать заседание"}]}]},{"text":"отсрочивать","pos":"глагол","asp":"несов","mean":[{"text":"delay"}]},{"text":"закрывать","pos":"глагол","asp":"несов","mean":[{"text":"close"}]}]}]}