{"head":{},"def":[{"text":"adjuster","pos":"noun","ts":"əˈʤʌstə","tr":[{"text":"наладчик","pos":"существительное","gen":"м","syn":[{"text":"монтажник","pos":"существительное","gen":"м"},{"text":"настройщик","pos":"существительное","gen":"м"},{"text":"сборщик","pos":"существительное","gen":"м"}],"mean":[{"text":"serviceman"},{"text":"fitter"},{"text":"tuner"},{"text":"assembler"}]},{"text":"оценщик","pos":"существительное","gen":"м","mean":[{"text":"appraiser"}]},{"text":"регулировщик","pos":"существительное","gen":"м","mean":[{"text":"traffic controller"}]},{"text":"натяжной болт","pos":"существительное"},{"text":"регулятор","pos":"существительное","gen":"м","mean":[{"text":"regulator"}]},{"text":"корректор","pos":"существительное","gen":"м","mean":[{"text":"corrector"}]}]},{"text":"adjuster","pos":"adjective","ts":"əˈʤʌstə","tr":[{"text":"регулировочный","pos":"прилагательное","mean":[{"text":"adjusting"}]}]}]}