{"head":{},"def":[{"text":"adjunct","pos":"noun","ts":"ˈæʤʌŋkt","tr":[{"text":"адъюнкт","pos":"существительное","gen":"м"},{"text":"дополнение","pos":"существительное","gen":"ср","syn":[{"text":"приложение","pos":"существительное","gen":"ср"}],"mean":[{"text":"addition"},{"text":"appendix"}],"ex":[{"text":"useful adjunct","tr":[{"text":"полезное дополнение"}]}]},{"text":"придаток","pos":"существительное","gen":"м","mean":[{"text":"appendage"}]},{"text":"помощник","pos":"существительное","gen":"м","mean":[{"text":"assistant"}]}]}]}