{"head":{},"def":[{"text":"adjust","pos":"verb","ts":"əˈʤʌst","tr":[{"text":"регулировать","pos":"глагол","asp":"несов","syn":[{"text":"настраивать","pos":"глагол","asp":"несов"},{"text":"отрегулировать","pos":"глагол","asp":"сов"},{"text":"настроить","pos":"глагол","asp":"сов"},{"text":"подстраивать","pos":"глагол","asp":"несов"},{"text":"устанавливать","pos":"глагол","asp":"несов"},{"text":"подогнать","pos":"глагол","asp":"сов"},{"text":"подстроить","pos":"глагол","asp":"сов"},{"text":"прилаживать","pos":"глагол","asp":"несов"}],"mean":[{"text":"regulate"},{"text":"configure"},{"text":"fit"},{"text":"set"},{"text":"tune"}],"ex":[{"text":"adjust the temperature","tr":[{"text":"регулировать температуру"}]},{"text":"adjust the focus","tr":[{"text":"настраивать фокус"}]},{"text":"adjust the angle","tr":[{"text":"отрегулировать угол"}]},{"text":"adjust the brightness","tr":[{"text":"настроить яркость"}]},{"text":"automatically adjust","tr":[{"text":"автоматически устанавливать"}]}]},{"text":"приспосабливаться","pos":"глагол","asp":"несов","syn":[{"text":"приспособиться","pos":"глагол","asp":"сов"},{"text":"приспосабливать","pos":"глагол","asp":"несов"},{"text":"адаптироваться","pos":"глагол"},{"text":"приспособить","pos":"глагол","asp":"сов"}],"mean":[{"text":"adapt"}]},{"text":"подгонять","pos":"глагол","asp":"несов","mean":[{"text":"customize"}]},{"text":"привыкать","pos":"глагол","asp":"несов","syn":[{"text":"привыкнуть","pos":"глагол","asp":"сов"}],"mean":[{"text":"used"},{"text":"get"}]},{"text":"приводить в порядок","pos":"глагол","mean":[{"text":"arrange"}]},{"text":"согласовывать","pos":"глагол","asp":"несов","mean":[{"text":"coordinate"}]},{"text":"урегулировать","pos":"глагол","asp":"сов","syn":[{"text":"улаживать","pos":"глагол","asp":"несов"}],"mean":[{"text":"settle"},{"text":"handle"}]},{"text":"корректировать","pos":"глагол","asp":"несов","syn":[{"text":"скорректировать","pos":"глагол","asp":"сов"},{"text":"откорректировать","pos":"глагол","asp":"сов"}],"mean":[{"text":"correct"}],"ex":[{"text":"adjusted gross income","tr":[{"text":"скорректированный валовой доход"}]}]},{"text":"наладить","pos":"глагол","asp":"сов","mean":[{"text":"establish"}]},{"text":"выверять","pos":"глагол","asp":"несов","mean":[{"text":"verify"}]}]}]}