{"head":{},"def":[{"text":"admissible","pos":"adjective","ts":"ədˈmɪsəbl","tr":[{"text":"допустимый","pos":"прилагательное","syn":[{"text":"приемлемый","pos":"прилагательное"}],"mean":[{"text":"permissible"},{"text":"acceptable"}],"ex":[{"text":"admissible set","tr":[{"text":"допустимое множество"}]}]}]},{"text":"admissible","pos":"participle","ts":"ədˈmɪsəbl","tr":[{"text":"допускаемый","pos":"причастие","mean":[{"text":"permissible"}]}]}]}