{"head":{},"def":[{"text":"admire","pos":"verb","ts":"ədˈmaɪə","tr":[{"text":"любоваться","pos":"глагол","asp":"несов","syn":[{"text":"восторгаться","pos":"глагол","asp":"несов"},{"text":"восхищаться","pos":"глагол","asp":"несов"},{"text":"полюбоваться","pos":"глагол","asp":"сов"},{"text":"восхититься","pos":"глагол","asp":"сов"},{"text":"налюбоваться","pos":"глагол","asp":"сов"},{"text":"залюбоваться","pos":"глагол","asp":"сов"}],"mean":[{"text":"marvel"}],"ex":[{"text":"admire the beauty","tr":[{"text":"любоваться красотами"}]},{"text":"admire the scenery","tr":[{"text":"полюбоваться пейзажем"}]}]},{"text":"восхищать","pos":"глагол","asp":"несов","syn":[{"text":"восхитить","pos":"глагол","asp":"сов"}],"mean":[{"text":"delight"}]},{"text":"уважать","pos":"глагол","asp":"несов","mean":[{"text":"respect"}]},{"text":"обожать","pos":"глагол","asp":"несов","mean":[{"text":"love"}]}]}]}