{"head":{},"def":[{"text":"admiral","pos":"noun","ts":"ˈædmərəl","tr":[{"text":"адмирал","pos":"существительное","gen":"м","ex":[{"text":"fleet admiral","tr":[{"text":"адмирал флота"}]}]}]},{"text":"admiral","pos":"adjective","ts":"ˈædmərəl","tr":[{"text":"адмиральский","pos":"прилагательное"}]},{"text":"Admiral","pos":"noun","ts":"ˈædmərəl","tr":[{"text":"адмирал","pos":"существительное","gen":"м"}]}]}