{"head":{},"def":[{"text":"administration","pos":"noun","ts":"ədmɪnɪsˈtreɪʃn","tr":[{"text":"администрация","pos":"существительное","gen":"ж","mean":[{"text":"authority"}],"ex":[{"text":"presidential administration","tr":[{"text":"администрация президента"}]}]},{"text":"руководство","pos":"существительное","gen":"ср","syn":[{"text":"ведение","pos":"существительное","gen":"ср"},{"text":"управление","pos":"существительное","gen":"ср"},{"text":"администрирование","pos":"существительное","gen":"ср"}],"mean":[{"text":"management"},{"text":"administrative"}],"ex":[{"text":"new administration","tr":[{"text":"новое руководство"}]},{"text":"effective administration","tr":[{"text":"эффективное ведение"}]},{"text":"public administration","tr":[{"text":"государственное управление"}]},{"text":"system administration","tr":[{"text":"системное администрирование"}]}]},{"text":"отправление","pos":"существительное","gen":"ср","mean":[{"text":"departure"}],"ex":[{"text":"administration of justice","tr":[{"text":"отправление правосудия"}]}]},{"text":"правительство","pos":"существительное","gen":"ср","mean":[{"text":"government"}]},{"text":"применение","pos":"существительное","gen":"ср","syn":[{"text":"введение","pos":"существительное","gen":"ср"}],"mean":[{"text":"application"},{"text":"introduction"}],"ex":[{"text":"topical administration","tr":[{"text":"местное применение"}]},{"text":"oral administration","tr":[{"text":"пероральное введение"}]}]},{"text":"администратор","pos":"существительное","gen":"м","mean":[{"text":"administrator"}]},{"text":"министерство","pos":"существительное","gen":"ср","mean":[{"text":"ministry"}]}]},{"text":"administration","pos":"adjective","ts":"ədmɪnɪsˈtreɪʃn","tr":[{"text":"административный","pos":"прилагательное","syn":[{"text":"администраторский","pos":"прилагательное"}],"mean":[{"text":"administrative"},{"text":"kerio"}],"ex":[{"text":"administration building","tr":[{"text":"административное здание"}]},{"text":"administration panel","tr":[{"text":"администраторская панель"}]}]}]}]}