{"head":{},"def":[{"text":"administrator","pos":"noun","ts":"ədˈmɪnɪstreɪtə","tr":[{"text":"администратор","pos":"существительное","gen":"м","syn":[{"text":"админ","pos":"существительное","gen":"м"}],"mean":[{"text":"admin"}],"ex":[{"text":"system administrator","tr":[{"text":"системный администратор"}]}]},{"text":"управляющий","pos":"существительное","mean":[{"text":"managing"}],"ex":[{"text":"insolvency administrator","tr":[{"text":"арбитражный управляющий"}]}]},{"text":"руководитель","pos":"существительное","gen":"м","syn":[{"text":"распорядитель","pos":"существительное","gen":"м"},{"text":"управленец","pos":"существительное","gen":"м"}],"mean":[{"text":"manager"}],"ex":[{"text":"deputy administrator","tr":[{"text":"заместитель руководителя"}]},{"text":"chief administrator","tr":[{"text":"главный распорядитель"}]},{"text":"professional administrator","tr":[{"text":"профессиональный управленец"}]}]},{"text":"администрирование","pos":"существительное","gen":"ср","mean":[{"text":"administration"}]},{"text":"опекун","pos":"существительное","gen":"м","mean":[{"text":"trustee"}]}]},{"text":"administrator","pos":"adjective","ts":"ədˈmɪnɪstreɪtə","tr":[{"text":"административный","pos":"прилагательное","mean":[{"text":"administrative"}],"ex":[{"text":"administrator access","tr":[{"text":"административный доступ"}]}]}]}]}