{"head":{},"def":[{"text":"admiration","pos":"noun","ts":"ædməˈreɪʃn","tr":[{"text":"восхищение","pos":"существительное","gen":"ср","syn":[{"text":"восторг","pos":"существительное","gen":"м"},{"text":"изумление","pos":"существительное","gen":"ср"},{"text":"преклонение","pos":"существительное","gen":"ср"},{"text":"обожание","pos":"существительное","gen":"ср"}],"mean":[{"text":"delight"},{"text":"amazement"},{"text":"worship"},{"text":"adoration"}],"ex":[{"text":"genuine admiration","tr":[{"text":"неподдельное восхищение"}]},{"text":"sincere admiration","tr":[{"text":"искренний восторг"}]}]},{"text":"любование","pos":"существительное","gen":"ср"}]}]}