{"head":{},"def":[{"text":"admonish","pos":"verb","ts":"ədˈmɔnɪʃ","tr":[{"text":"увещевать","pos":"глагол","asp":"несов","syn":[{"text":"убеждать","pos":"глагол","asp":"несов"},{"text":"наставлять","pos":"глагол","asp":"несов"},{"text":"напутствовать","pos":"глагол"},{"text":"увещать","pos":"глагол","asp":"несов"}],"mean":[{"text":"exhort"},{"text":"persuade"},{"text":"instruct"}]},{"text":"предостерегать","pos":"глагол","asp":"несов","syn":[{"text":"предупреждать","pos":"глагол","asp":"несов"},{"text":"предостеречь","pos":"глагол","asp":"сов"},{"text":"предупредить","pos":"глагол","asp":"сов"}],"mean":[{"text":"warn"}]},{"text":"напоминать","pos":"глагол","asp":"несов","mean":[{"text":"remind"}]},{"text":"укорять","pos":"глагол","asp":"несов","mean":[{"text":"rebuke"}]}]}]}