{"head":{},"def":[{"text":"adobe","pos":"noun","ts":"əˈdəʊbɪ","tr":[{"text":"саман","pos":"существительное","gen":"м","mean":[{"text":"samana"}]},{"text":"программа adobe","pos":"существительное"},{"text":"кирпичи воздушной сушки","pos":"существительное"},{"text":"фирма adobe","pos":"существительное"}]},{"text":"adobe","pos":"adjective","ts":"əˈdəʊbɪ","tr":[{"text":"глинобитный","pos":"прилагательное","syn":[{"text":"сырцовый","pos":"прилагательное"},{"text":"саманный","pos":"прилагательное"}],"mean":[{"text":"pise"},{"text":"raw"}],"ex":[{"text":"adobe walls","tr":[{"text":"глинобитные стены"}]},{"text":"adobe house","tr":[{"text":"саманный дом"}]}]}]}]}