{"head":{},"def":[{"text":"adolescent","pos":"noun","ts":"ædəʊˈlesnt","tr":[{"text":"подросток","pos":"существительное","gen":"м","syn":[{"text":"юноша","pos":"существительное","gen":"м"},{"text":"молодой человек","pos":"существительное"},{"text":"отрок","pos":"существительное","gen":"м"}],"mean":[{"text":"teenager"},{"text":"young"},{"text":"youth"},{"text":"lad"}],"ex":[{"text":"young adolescent","tr":[{"text":"младший подросток"}]}]},{"text":"девушка","pos":"существительное","gen":"ж","mean":[{"text":"girl"}]},{"text":"подростковый возраст","pos":"существительное","mean":[{"text":"adolescence"}]}]},{"text":"adolescent","pos":"adjective","ts":"ædəʊˈlesnt","tr":[{"text":"подростковый","pos":"прилагательное","syn":[{"text":"юношеский","pos":"прилагательное"},{"text":"отроческий","pos":"прилагательное"}],"mean":[{"text":"teenage"},{"text":"youth"},{"text":"boyhood"}],"ex":[{"text":"adolescent age","tr":[{"text":"подростковый возраст"}]},{"text":"adolescent years","tr":[{"text":"юношеские годы"}]}]},{"text":"молодой","pos":"прилагательное","syn":[{"text":"юный","pos":"прилагательное"}],"mean":[{"text":"young"}],"ex":[{"text":"adolescent girl","tr":[{"text":"юная девочка"}]}]}]}]}