{"head":{},"def":[{"text":"adopt","pos":"verb","ts":"əˈdɔpt","tr":[{"text":"принимать","pos":"глагол","asp":"несов","syn":[{"text":"утверждать","pos":"глагол","asp":"несов"},{"text":"перенимать","pos":"глагол","asp":"несов"},{"text":"принять","pos":"глагол","asp":"сов"},{"text":"утвердить","pos":"глагол","asp":"сов"},{"text":"перенять","pos":"глагол","asp":"сов"},{"text":"занять","pos":"глагол","asp":"сов"}],"mean":[{"text":"take"},{"text":"approve"},{"text":"accept"}],"ex":[{"text":"adopt measures","tr":[{"text":"принимать меры"}]},{"text":"adopt experience","tr":[{"text":"перенимать опыт"}]},{"text":"adopted resolution","tr":[{"text":"принятая резолюция"}]},{"text":"adopt the agenda","tr":[{"text":"утвердить повестку дня"}]}]},{"text":"усыновлять","pos":"глагол","asp":"несов","syn":[{"text":"усыновить","pos":"глагол","asp":"сов"},{"text":"удочерить","pos":"глагол","asp":"сов"}],"ex":[{"text":"adopted child","tr":[{"text":"усыновленный ребенок"}]}]},{"text":"усваивать","pos":"глагол","asp":"несов","syn":[{"text":"усвоить","pos":"глагол","asp":"сов"}],"mean":[{"text":"assimilate"},{"text":"learn"}]},{"text":"выбирать","pos":"глагол","asp":"несов","mean":[{"text":"choose"}]},{"text":"внедрить","pos":"глагол","asp":"сов","mean":[{"text":"implement"}]},{"text":"адаптировать","pos":"глагол","mean":[{"text":"adapt"}]},{"text":"заимствовать","pos":"глагол","mean":[{"text":"borrow"}]}]}]}