{"head":{},"def":[{"text":"adrenaline","pos":"noun","ts":"əˈdrenəlɪn","tr":[{"text":"адреналин","pos":"существительное","gen":"м","mean":[{"text":"adrenalin"}],"ex":[{"text":"pure adrenaline","tr":[{"text":"чистый адреналин"}]}]}]},{"text":"adrenaline","pos":"adjective","ts":"əˈdrenəlɪn","tr":[{"text":"адреналиновый","pos":"прилагательное","ex":[{"text":"adrenaline junkie","tr":[{"text":"адреналиновый наркоман"}]}]}]}]}