{"head":{},"def":[{"text":"adsorption","pos":"noun","ts":"ædˈsɔːpʃn","tr":[{"text":"адсорбция","pos":"существительное","gen":"ж","syn":[{"text":"поглощение","pos":"существительное","gen":"ср"},{"text":"сорбция","pos":"существительное","gen":"ж"}],"mean":[{"text":"absorption"},{"text":"sorption"}],"ex":[{"text":"physical adsorption","tr":[{"text":"физическая адсорбция"}]}]}]},{"text":"adsorption","pos":"adjective","ts":"ædˈsɔːpʃn","tr":[{"text":"адсорбционный","pos":"прилагательное","mean":[{"text":"adsorptive"}],"ex":[{"text":"adsorption layer","tr":[{"text":"адсорбционный слой"}]}]}]}]}