{"head":{},"def":[{"text":"advantage","pos":"noun","ts":"ədˈvɑːntɪʤ","tr":[{"text":"преимущество","pos":"существительное","gen":"ср","syn":[{"text":"польза","pos":"существительное","gen":"ж"},{"text":"выгода","pos":"существительное","gen":"ж"},{"text":"достоинство","pos":"существительное","gen":"ср"},{"text":"льгота","pos":"существительное","gen":"ж"}],"mean":[{"text":"benefit"},{"text":"dignity"}],"ex":[{"text":"competitive advantage","tr":[{"text":"конкурентное преимущество"}]},{"text":"huge advantage","tr":[{"text":"огромная польза"}]},{"text":"mutual advantage","tr":[{"text":"взаимная выгода"}]},{"text":"undoubted advantage","tr":[{"text":"несомненное достоинство"}]},{"text":"tax advantage","tr":[{"text":"налоговая льгота"}]}]},{"text":"выигрыш","pos":"существительное","gen":"м","mean":[{"text":"win"}],"ex":[{"text":"political advantage","tr":[{"text":"политический выигрыш"}]}]},{"text":"плюс","pos":"существительное","gen":"м","mean":[{"text":"plus"}],"ex":[{"text":"obvious advantage","tr":[{"text":"очевидный плюс"}]}]},{"text":"перевес","pos":"существительное","gen":"м","mean":[{"text":"superiority"}],"ex":[{"text":"positional advantage","tr":[{"text":"позиционный перевес"}]}]},{"text":"выгодность","pos":"существительное","gen":"ж","mean":[{"text":"profitability"}],"ex":[{"text":"economic advantage","tr":[{"text":"экономическая выгодность"}]}]}]}]}