{"head":{},"def":[{"text":"adventurous","pos":"adjective","ts":"ədˈvenʧərəs","tr":[{"text":"предприимчивый","pos":"прилагательное","mean":[{"text":"enterprising"}],"ex":[{"text":"adventurous type","tr":[{"text":"предприимчивый тип"}]}]},{"text":"рискованный","pos":"прилагательное","mean":[{"text":"risky"}]},{"text":"отважный","pos":"прилагательное","syn":[{"text":"смелый","pos":"прилагательное"}],"mean":[{"text":"brave"},{"text":"bold"}],"ex":[{"text":"adventurous traveller","tr":[{"text":"смелый путешественник"}]}]},{"text":"активный","pos":"прилагательное","mean":[{"text":"active"}]},{"text":"авантюрный","pos":"прилагательное","syn":[{"text":"приключенческий","pos":"прилагательное"}],"mean":[{"text":"adventure"}],"ex":[{"text":"adventurous spirit","tr":[{"text":"авантюрный дух"}]}]},{"text":"безрассудно смелый","pos":"прилагательное","mean":[{"text":"foolhardy"}]}]}]}