{"head":{},"def":[{"text":"advertisement","pos":"noun","ts":"ədˈvɜːtɪsmənt","tr":[{"text":"реклама","pos":"существительное","gen":"ж","syn":[{"text":"объявление","pos":"существительное","gen":"ср"},{"text":"рекламное объявление","pos":"существительное"}],"mean":[{"text":"ad"}],"ex":[{"text":"television advertisement","tr":[{"text":"телевизионная реклама"}]},{"text":"advertisements in newspapers","tr":[{"text":"объявления в газетах"}]}]},{"text":"анонс","pos":"существительное","gen":"м","mean":[{"text":"announcement"}]}]},{"text":"advertisement","pos":"adjective","ts":"ədˈvɜːtɪsmənt","tr":[{"text":"рекламный","pos":"прилагательное","mean":[{"text":"advertising"}],"ex":[{"text":"advertisement banner","tr":[{"text":"рекламный баннер"}]}]}]}]}