{"head":{},"def":[{"text":"adventurer","pos":"noun","ts":"ədˈvenʧərə","tr":[{"text":"авантюрист","pos":"существительное","gen":"м","syn":[{"text":"искатель приключений","pos":"существительное"},{"text":"путешественник","pos":"существительное","gen":"м"},{"text":"любитель приключений","pos":"существительное"}],"mean":[{"text":"adventurist"},{"text":"adventure seeker"},{"text":"traveller"},{"text":"adventure lover"}],"ex":[{"text":"political adventurer","tr":[{"text":"политический авантюрист"}]}]},{"text":"приключение","pos":"существительное","gen":"ср","mean":[{"text":"adventure"}]}]}]}