{"head":{},"def":[{"text":"adverse","pos":"adjective","ts":"ˈædvɜːs","tr":[{"text":"неблагоприятный","pos":"прилагательное","syn":[{"text":"негативный","pos":"прилагательное"},{"text":"побочный","pos":"прилагательное"},{"text":"отрицательный","pos":"прилагательное"}],"mean":[{"text":"unfavorable"},{"text":"negative"},{"text":"side"}],"ex":[{"text":"adverse conditions","tr":[{"text":"неблагоприятные условия"}]},{"text":"possible adverse effects","tr":[{"text":"возможные негативные последствия"}]},{"text":"adverse reaction","tr":[{"text":"побочная реакция"}]},{"text":"adverse impact","tr":[{"text":"отрицательное воздействие"}]}]},{"text":"вредный","pos":"прилагательное","mean":[{"text":"harmful"}],"ex":[{"text":"adverse health","tr":[{"text":"вредное воздействие на здоровье"}]}]},{"text":"враждебный","pos":"прилагательное","mean":[{"text":"hostile"}],"ex":[{"text":"adverse power","tr":[{"text":"враждебная сила"}]}]},{"text":"нежелательный","pos":"прилагательное","mean":[{"text":"unwanted"}],"ex":[{"text":"adverse event","tr":[{"text":"нежелательное явление"}]}]}]}]}