{"head":{},"def":[{"text":"advisory","pos":"adjective","ts":"ədˈvaɪzərɪ","tr":[{"text":"консультативный","pos":"прилагательное","syn":[{"text":"совещательный","pos":"прилагательное"},{"text":"консультационный","pos":"прилагательное"},{"text":"рекомендательный","pos":"прилагательное"}],"mean":[{"text":"consultative"},{"text":"deliberative"},{"text":"consulting"},{"text":"recommendation"}],"ex":[{"text":"advisory committee","tr":[{"text":"консультативный комитет"}]},{"text":"advisory body","tr":[{"text":"совещательный орган"}]},{"text":"advisory service","tr":[{"text":"консультационная служба"}]},{"text":"advisory in nature","tr":[{"text":"рекомендательный характер"}]}]}]},{"text":"advisory","pos":"noun","ts":"ədˈvaɪzərɪ","tr":[{"text":"консультация","pos":"существительное","gen":"ж","mean":[{"text":"consultation"}],"ex":[{"text":"legal advisory","tr":[{"text":"юридическая консультация"}]}]}]}]}