{"head":{},"def":[{"text":"advice","pos":"noun","ts":"ədˈvaɪs","tr":[{"text":"Совет","pos":"существительное","gen":"м","syn":[{"text":"совет","pos":"существительное","gen":"м"},{"text":"рекомендация","pos":"существительное","gen":"ж"}],"mean":[{"text":"council"},{"text":"recommendation"}],"ex":[{"text":"practical advice","tr":[{"text":"практический совет"}]},{"text":"valuable advice","tr":[{"text":"ценная рекомендация"}]}]},{"text":"консультация","pos":"существительное","gen":"ж","syn":[{"text":"консультирование","pos":"существительное","gen":"ср"},{"text":"консалтинг","pos":"существительное","gen":"м"}],"mean":[{"text":"consultation"},{"text":"consulting"}],"ex":[{"text":"legal advice","tr":[{"text":"юридическая консультация"}]},{"text":"policy advice","tr":[{"text":"политическое консультирование"}]},{"text":"investment advice","tr":[{"text":"инвестиционный консалтинг"}]}]},{"text":"уведомление","pos":"существительное","gen":"ср","syn":[{"text":"извещение","pos":"существительное","gen":"ср"},{"text":"сообщение","pos":"существительное","gen":"ср"}],"mean":[{"text":"notification"},{"text":"notice"},{"text":"message"}]},{"text":"авизо","pos":"существительное","gen":"ср","mean":[{"text":"advice note"}],"ex":[{"text":"credit advice","tr":[{"text":"кредитовое авизо"}]}]},{"text":"консультативная помощь","pos":"существительное","mean":[{"text":"advisory assistance"}]}]},{"text":"advice","pos":"adjective","ts":"ədˈvaɪs","tr":[{"text":"консультационный","pos":"прилагательное","mean":[{"text":"advisory"}],"ex":[{"text":"advice bureau","tr":[{"text":"консультационное бюро"}]}]}]}]}