{"head":{},"def":[{"text":"adviser","pos":"noun","ts":"ədˈvaɪzə","tr":[{"text":"советник","pos":"существительное","gen":"м","syn":[{"text":"консультант","pos":"существительное","gen":"м"},{"text":"эксперт","pos":"существительное","gen":"м"},{"text":"советчик","pos":"существительное","gen":"м"}],"mean":[{"text":"advisor"},{"text":"consultant"},{"text":"expert"}],"ex":[{"text":"special adviser","tr":[{"text":"специальный советник"}]},{"text":"financial adviser","tr":[{"text":"финансовый консультант"}]},{"text":"wise adviser","tr":[{"text":"мудрый советчик"}]}]},{"text":"руководитель","pos":"существительное","gen":"м","mean":[{"text":"manager"}],"ex":[{"text":"scientific adviser","tr":[{"text":"научный руководитель"}]}]},{"text":"наставник","pos":"существительное","gen":"м","mean":[{"text":"mentor"}],"ex":[{"text":"spiritual adviser","tr":[{"text":"духовный наставник"}]}]},{"text":"референт","pos":"существительное","gen":"м","mean":[{"text":"assistant"}]}]}]}