{"head":{},"def":[{"text":"advocate","pos":"noun","ts":"ˈædvəkɪt","tr":[{"text":"адвокат","pos":"существительное","gen":"м","syn":[{"text":"защитник","pos":"существительное","gen":"м"},{"text":"правозащитник","pos":"существительное","gen":"м"}],"mean":[{"text":"lawyer"},{"text":"defender"},{"text":"rights defender"}],"ex":[{"text":"devil `'s advocate","tr":[{"text":"адвокат дьявола"}]},{"text":"ardent advocate","tr":[{"text":"пылкий защитник"}]}]},{"text":"сторонник","pos":"существительное","gen":"м","syn":[{"text":"поборник","pos":"существительное","gen":"м"},{"text":"пропагандист","pos":"существительное","gen":"м"},{"text":"приверженец","pos":"существительное","gen":"м"}],"mean":[{"text":"supporter"},{"text":"champion"},{"text":"propagandist"}],"ex":[{"text":"consistent advocate","tr":[{"text":"последовательный сторонник"}]},{"text":"democracy advocates","tr":[{"text":"поборники демократии"}]},{"text":"active advocate","tr":[{"text":"активный пропагандист"}]}]},{"text":"пропаганда","pos":"существительное","gen":"ж","mean":[{"text":"propaganda"}]},{"text":"ходатай","pos":"существительное","gen":"м","mean":[{"text":"intercessor"}]}]},{"text":"advocate","pos":"verb","ts":"ˈædvəkɪt","tr":[{"text":"защищать","pos":"глагол","asp":"несов","syn":[{"text":"отстаивать","pos":"глагол","asp":"несов"},{"text":"защитить","pos":"глагол","asp":"сов"}],"mean":[{"text":"defend"}]},{"text":"пропагандировать","pos":"глагол","asp":"несов","syn":[{"text":"проповедовать","pos":"глагол","asp":"несов"}],"mean":[{"text":"promote"},{"text":"preach"}]},{"text":"поддерживать","pos":"глагол","asp":"несов","mean":[{"text":"support"}]},{"text":"выступать","pos":"глагол","asp":"несов","mean":[{"text":"act"}]}]},{"text":"advocate","pos":"adjective","ts":"ˈædvəkɪt","tr":[{"text":"адвокатский","pos":"прилагательное","mean":[{"text":"lawyer"}]}]}]}