{"head":{},"def":[{"text":"aeration","pos":"noun","ts":"eɪəˈreɪʃn","tr":[{"text":"аэрация","pos":"существительное","gen":"ж","syn":[{"text":"проветривание","pos":"существительное","gen":"ср"},{"text":"вентилирование","pos":"существительное","gen":"ср"},{"text":"вентиляция","pos":"существительное","gen":"ж"}],"mean":[{"text":"airing"},{"text":"ventilation"}],"ex":[{"text":"aeration zone","tr":[{"text":"зона аэрации"}]},{"text":"aeration system","tr":[{"text":"система вентиляции"}]}]},{"text":"газирование","pos":"существительное","gen":"ср","mean":[{"text":"carbonation"}]},{"text":"аэрирование","pos":"существительное","gen":"ср"}]},{"text":"aeration","pos":"adjective","ts":"eɪəˈreɪʃn","tr":[{"text":"аэрационный","pos":"прилагательное"}]}]}