{"head":{},"def":[{"text":"aerial","pos":"adjective","ts":"ˈɛərɪəl","tr":[{"text":"воздушный","pos":"прилагательное","syn":[{"text":"авиационный","pos":"прилагательное"},{"text":"надземный","pos":"прилагательное"}],"mean":[{"text":"air"},{"text":"aviation"},{"text":"overhead"}],"ex":[{"text":"aerial combat","tr":[{"text":"воздушный бой"}]},{"text":"aerial bomb","tr":[{"text":"авиационная бомба"}]},{"text":"aerial part","tr":[{"text":"надземная часть"}]}]},{"text":"антенный","pos":"прилагательное","mean":[{"text":"antenna"}],"ex":[{"text":"aerial cable","tr":[{"text":"антенный кабель"}]}]},{"text":"подвесной","pos":"прилагательное","mean":[{"text":"outboard"}],"ex":[{"text":"aerial ropeway","tr":[{"text":"подвесная канатная дорога"}]}]}]},{"text":"aerial","pos":"noun","ts":"ˈɛərɪəl","tr":[{"text":"антенна","pos":"существительное","gen":"ж","mean":[{"text":"antenna"}],"ex":[{"text":"television aerial","tr":[{"text":"телевизионная антенна"}]}]},{"text":"аэрофотосъемка","pos":"существительное","gen":"ж","syn":[{"text":"аэрофотоснимок","pos":"существительное","gen":"м"},{"text":"аэросъемка","pos":"существительное","gen":"ж"}],"mean":[{"text":"aerial photography"},{"text":"aerial photo"},{"text":"aerial survey"}]}]}]}