{"head":{},"def":[{"text":"aerospace","pos":"adjective","ts":"ˈeərəʊspeɪs","tr":[{"text":"аэрокосмический","pos":"прилагательное","syn":[{"text":"авиакосмический","pos":"прилагательное"},{"text":"космический","pos":"прилагательное"}],"mean":[{"text":"space"}],"ex":[{"text":"national aerospace laboratory","tr":[{"text":"национальная аэрокосмическая лаборатория"}]}]}]},{"text":"aerospace","pos":"noun","ts":"ˈeərəʊspeɪs","tr":[{"text":"авиакосмическая промышленность","pos":"существительное","syn":[{"text":"авиастроение","pos":"существительное","gen":"ср"}],"mean":[{"text":"aerospace industry"},{"text":"aircraft industry"}]}]}]}