{"head":{},"def":[{"text":"affectation","pos":"noun","ts":"æfekˈteɪʃn","tr":[{"text":"притворство","pos":"существительное","gen":"ср","syn":[{"text":"жеманство","pos":"существительное","gen":"ср"}],"mean":[{"text":"pretense"},{"text":"coyness"}]},{"text":"манерность","pos":"существительное","gen":"ж","syn":[{"text":"искусственность","pos":"существительное","gen":"ж"},{"text":"неестественность","pos":"существительное","gen":"ж"},{"text":"аффектация","pos":"существительное","gen":"ж"}],"mean":[{"text":"mannerism"},{"text":"artificiality"},{"text":"unnaturalness"}]}]}]}