{"head":{},"def":[{"text":"afflict","pos":"verb","ts":"əˈflɪkt","tr":[{"text":"огорчать","pos":"глагол","asp":"несов","syn":[{"text":"огорчить","pos":"глагол","asp":"сов"}],"mean":[{"text":"grieve"},{"text":"disappoint"}]},{"text":"причинять боль","pos":"глагол","mean":[{"text":"hurt"}]},{"text":"страдать","pos":"глагол","asp":"несов","mean":[{"text":"suffer"}]},{"text":"поражать","pos":"глагол","asp":"несов","syn":[{"text":"поразить","pos":"глагол","asp":"сов"}],"mean":[{"text":"smite"}]},{"text":"угнетать","pos":"глагол","asp":"несов","mean":[{"text":"oppress"}]},{"text":"беспокоить","pos":"глагол","asp":"несов","syn":[{"text":"тревожить","pos":"глагол","asp":"несов"}],"mean":[{"text":"disturb"}]}]}]}