{"head":{},"def":[{"text":"affliction","pos":"noun","ts":"əˈflɪkʃn","tr":[{"text":"бедствие","pos":"существительное","gen":"ср","syn":[{"text":"несчастье","pos":"существительное","gen":"ср"},{"text":"огорчение","pos":"существительное","gen":"ср"},{"text":"горе","pos":"существительное","gen":"ср"},{"text":"беда","pos":"существительное","gen":"ж"}],"mean":[{"text":"calamity"},{"text":"misfortune"},{"text":"grief"}],"ex":[{"text":"terrible affliction","tr":[{"text":"страшное бедствие"}]}]},{"text":"недуг","pos":"существительное","gen":"м","syn":[{"text":"болезнь","pos":"существительное","gen":"ж"}],"mean":[{"text":"ailment"},{"text":"illness"}]},{"text":"печаль","pos":"существительное","gen":"ж","syn":[{"text":"скорбь","pos":"существительное","gen":"ж"},{"text":"страдание","pos":"существительное","gen":"ср"}],"mean":[{"text":"sorrow"},{"text":"tribulation"},{"text":"suffering"}],"ex":[{"text":"great affliction","tr":[{"text":"великая скорбь"}]}]}]}]}