{"head":{},"def":[{"text":"affluent","pos":"adjective","ts":"ˈæflʊənt","tr":[{"text":"богатый","pos":"прилагательное","syn":[{"text":"обильный","pos":"прилагательное"},{"text":"изобильный","pos":"прилагательное"}],"mean":[{"text":"rich"},{"text":"abundant"}],"ex":[{"text":"affluent area","tr":[{"text":"богатый район"}]}]},{"text":"полноводный","pos":"прилагательное","mean":[{"text":"deep"}]},{"text":"состоятельный","pos":"прилагательное","syn":[{"text":"благополучный","pos":"прилагательное"},{"text":"зажиточный","pos":"прилагательное"}],"mean":[{"text":"wealthy"},{"text":"prosperous"}],"ex":[{"text":"affluent buyers","tr":[{"text":"состоятельные покупатели"}]}]}]},{"text":"affluent","pos":"noun","ts":"ˈæflʊənt","tr":[{"text":"приток","pos":"существительное","gen":"м","mean":[{"text":"tributary"}]}]}]}