{"head":{},"def":[{"text":"afforestation","pos":"noun","ts":"æfɔrɪsˈteɪʃn","tr":[{"text":"облесение","pos":"существительное","gen":"ср","syn":[{"text":"лесонасаждение","pos":"существительное","gen":"ср"},{"text":"лесоразведение","pos":"существительное","gen":"ср"}],"mean":[{"text":"reforestation"}],"ex":[{"text":"protective afforestation","tr":[{"text":"защитное лесоразведение"}]}]}]}]}