{"head":{},"def":[{"text":"aforesaid","pos":"adjective","ts":"əˈfɔːsed","tr":[{"text":"вышеупомянутый","pos":"прилагательное","syn":[{"text":"вышесказанный","pos":"прилагательное"},{"text":"вышеизложенный","pos":"прилагательное"},{"text":"вышеуказанный","pos":"прилагательное"},{"text":"вышеназванный","pos":"прилагательное"},{"text":"означенный","pos":"прилагательное"},{"text":"вышеозначенный","pos":"прилагательное"}],"mean":[{"text":"above"}],"ex":[{"text":"aforesaid persons","tr":[{"text":"вышеуказанные лица"}]}]}]}]}