{"head":{},"def":[{"text":"afraid","pos":"adjective","ts":"əˈfreɪd","tr":[{"text":"испуганный","pos":"прилагательное","mean":[{"text":"scared"}]}]},{"text":"afraid","pos":"participle","ts":"əˈfreɪd","tr":[{"text":"напуганный","pos":"причастие","mean":[{"text":"scared"}]},{"text":"боящийся","pos":"причастие","syn":[{"text":"опасающийся","pos":"причастие"},{"text":"побоявшийся","pos":"причастие"}],"mean":[{"text":"fear"},{"text":"fears"}]}]}]}