{"head":{},"def":[{"text":"afterward","pos":"adverb","ts":"ˈɑːftəwəd","tr":[{"text":"потом","pos":"наречие","syn":[{"text":"впоследствии","pos":"наречие"},{"text":"позже","pos":"наречие"},{"text":"позднее","pos":"наречие"}],"mean":[{"text":"later"}]},{"text":"после этого","pos":"наречие","mean":[{"text":"then"}]}]},{"text":"afterward","pos":"preposition","ts":"ˈɑːftəwəd","tr":[{"text":"после","pos":"предлог","mean":[{"text":"after"}]}]}]}