{"head":{},"def":[{"text":"after","pos":"preposition","ts":"ˈɑːftə","tr":[{"text":"после","pos":"предлог","syn":[{"text":"за","pos":"предлог"},{"text":"по","pos":"предлог"}],"mean":[{"text":"since"},{"text":"for"}],"ex":[{"text":"after eating","tr":[{"text":"после еды"}]},{"text":"day after day","tr":[{"text":"день за днем"}]}]},{"text":"через","pos":"предлог","mean":[{"text":"through"}],"ex":[{"text":"after a year","tr":[{"text":"через год"}]}]},{"text":"спустя","pos":"предлог","mean":[{"text":"later"}],"ex":[{"text":"after a while","tr":[{"text":"спустя некоторое время"}]}]},{"text":"с","pos":"предлог","mean":[{"text":"with"}]},{"text":"позади","pos":"предлог","syn":[{"text":"сзади","pos":"предлог"}],"mean":[{"text":"behind"}]},{"text":"согласно","pos":"предлог","mean":[{"text":"according"}]}]},{"text":"after","pos":"conjunction","ts":"ˈɑːftə","tr":[{"text":"после того как","pos":"союз","mean":[{"text":"when"}]}]},{"text":"after","pos":"adverb","ts":"ˈɑːftə","tr":[{"text":"затем","pos":"наречие","syn":[{"text":"потом","pos":"наречие"},{"text":"позже","pos":"наречие"},{"text":"позднее","pos":"наречие"},{"text":"впоследствии","pos":"наречие"}],"mean":[{"text":"later"}]},{"text":"в честь","pos":"наречие","mean":[{"text":"in honor"}]},{"text":"вслед","pos":"наречие","syn":[{"text":"вслед за","pos":"наречие"},{"text":"следом","pos":"наречие"}],"mean":[{"text":"following"},{"text":"behind"},{"text":"next"}]}]}]}