{"head":{},"def":[{"text":"agenda","pos":"noun","ts":"əˈʤendə","tr":[{"text":"повестка дня","pos":"существительное","syn":[{"text":"предварительная повестка дня","pos":"существительное"},{"text":"повестка","pos":"существительное","gen":"ж"}],"mean":[{"text":"order of business"},{"text":"provisional agenda"},{"text":"summons"}]},{"text":"программа","pos":"существительное","gen":"ж","mean":[{"text":"program"}]},{"text":"пункт повестки дня","pos":"существительное","mean":[{"text":"agenda item"}]}]}]}