{"head":{},"def":[{"text":"aggregation","pos":"noun","ts":"ægrɪˈgeɪʃn","tr":[{"text":"агрегация","pos":"существительное","gen":"ж","syn":[{"text":"агрегирование","pos":"существительное","gen":"ср"}],"ex":[{"text":"platelet aggregation","tr":[{"text":"агрегация тромбоцитов"}]},{"text":"data aggregation","tr":[{"text":"агрегирование данных"}]}]},{"text":"объединение","pos":"существительное","gen":"ср","mean":[{"text":"unification"}]},{"text":"скопление","pos":"существительное","gen":"ср","mean":[{"text":"cluster"}],"ex":[{"text":"large aggregations","tr":[{"text":"крупные скопления"}]}]},{"text":"конгломерат","pos":"существительное","gen":"м","mean":[{"text":"conglomerate"}]},{"text":"собирание","pos":"существительное","gen":"ср","mean":[{"text":"collection"}]},{"text":"агрегат","pos":"существительное","gen":"м","mean":[{"text":"unit"}]},{"text":"комплексирование","pos":"существительное","gen":"ср"},{"text":"совокупность","pos":"существительное","gen":"ж","mean":[{"text":"aggregate"}]},{"text":"укрупнение","pos":"существительное","gen":"ср","mean":[{"text":"consolidation"}]},{"text":"группирование","pos":"существительное","gen":"ср","mean":[{"text":"grouping"}]},{"text":"статистическая функция","pos":"существительное","mean":[{"text":"aggregate function"}]}]},{"text":"aggregation","pos":"adjective","ts":"ægrɪˈgeɪʃn","tr":[{"text":"агрегатный","pos":"прилагательное","mean":[{"text":"aggregate"}],"ex":[{"text":"state of aggregation","tr":[{"text":"агрегатное состояние"}]}]},{"text":"агрегационный","pos":"прилагательное"}]}]}