{"head":{},"def":[{"text":"aggrandizement","pos":"noun","ts":"əˈgrændɪzmənt","tr":[{"text":"расширение","pos":"существительное","gen":"ср","syn":[{"text":"увеличение","pos":"существительное","gen":"ср"}],"mean":[{"text":"expansion"},{"text":"gain"}]},{"text":"возвышение","pos":"существительное","gen":"ср","syn":[{"text":"возвеличивание","pos":"существительное","gen":"ср"}],"mean":[{"text":"elevation"},{"text":"exaltation"}]}]}]}